Running UI tests on the desktop. Result bundle: /Users/fujishima/aibou-learning-verification/isolated/game-lab/QA/results/ui-20260915-133746-76964.xcresult
Command line invocation:
    /Applications/Xcode.app/Contents/Developer/usr/bin/xcodebuild -project /Users/fujishima/aibou-learning-verification/isolated/game-lab/AIBOUGameLabUITests.xcodeproj -scheme AIBOUGameLabUITests -destination platform=macOS,arch=arm64 -derivedDataPath /Users/fujishima/aibou-learning-verification/isolated/game-lab/.build/ui-tests -parallel-testing-enabled NO -resultBundlePath /Users/fujishima/aibou-learning-verification/isolated/game-lab/QA/results/ui-20260915-133746-76964.xcresult test-without-building "-only-testing:AIBOUGameLabUITests/ExhibitionUITests/testGirlOpensLessonsAndAllTwentyExperimentsComplete"

Writing result bundle at path:
	/Users/fujishima/aibou-learning-verification/isolated/game-lab/QA/results/ui-20260915-133746-76964.xcresult

2026-09-15 13:37:47.673018+0900 AIBOUGameLabUITests-Runner[76994:34184088] [Default] Running tests...
Test Suite 'Selected tests' started at 2026-09-15 13:37:47.719.
Test Suite 'AIBOUGameLabUITests.xctest' started at 2026-09-15 13:37:47.719.
Test Suite 'ExhibitionUITests' started at 2026-09-15 13:37:47.719.
Test Case '-[AIBOUGameLabUITests.ExhibitionUITests testGirlOpensLessonsAndAllTwentyExperimentsComplete]' started.
    t =     0.00s Start Test at 2026-09-15 13:37:47.719
    t =     0.12s Set Up
    t =     0.12s     Open local.aibou.gamelab
    t =     0.12s         Launch local.aibou.gamelab
    t =     0.19s             Wait for accessibility to load
    t =     0.48s             Setting up automation session
    t =     0.49s             Wait for local.aibou.gamelab to idle
    t =     0.49s     Open local.aibou.gamelab
    t =     0.49s         Activate local.aibou.gamelab
    t =     0.50s             Wait for local.aibou.gamelab to idle
    t =     0.50s     Wait for local.aibou.gamelab to become Running Foreground
    t =     0.50s     Checking existence of `Window (First Match)`
    t =     0.61s     Waiting 2.0s for Window (First Match) to exist
    t =     1.64s         Checking `Expect predicate `existsNoRetry == 1` for object Window (First Match)`
    t =     1.64s             Checking existence of `Window (First Match)`
    t =     1.66s     Waiting 15.0s for Window (First Match) to exist
    t =     2.69s         Checking `Expect predicate `existsNoRetry == 1` for object Window (First Match)`
    t =     2.69s             Checking existence of `Window (First Match)`
    t =     2.70s Checking existence of `"ex.lobby.lessons" Any`
    t =     2.73s Find the "ex.lobby.lessons" Any
    t =     2.74s Waiting 5.0s for "ex.lobby.lessons" Other to exist
    t =     3.78s     Checking `Expect predicate `existsNoRetry == 1` for object "ex.lobby.lessons" Other`
    t =     3.78s         Checking existence of `"ex.lobby.lessons" Other`
    t =     3.79s Click "ex.lobby.lessons" Other
    t =     3.79s     Wait for local.aibou.gamelab to idle
    t =     3.79s     Find the "ex.lobby.lessons" Other
    t =     3.80s     Check for interrupting elements affecting "ex.lobby.lessons" Other
    t =     3.82s     Synthesize event
    t =     4.27s     Wait for local.aibou.gamelab to idle
    t =     4.27s Checking existence of `"lesson.area.a" Any`
    t =     4.29s Find the "lesson.area.a" Any
    t =     4.31s Checking existence of `"lesson.area.a" Button`
    t =     4.68s Checking existence of `Window (First Match)`
    t =     4.69s Find the Window (First Match)
    t =     4.80s Added attachment named 'lessons-01-welcome'
    t =     4.80s Checking existence of `"lesson.area.a" Any`
    t =     4.81s Find the "lesson.area.a" Any
    t =     4.82s Click "lesson.area.a" Button
    t =     4.82s     Wait for local.aibou.gamelab to idle
    t =     4.82s     Find the "lesson.area.a" Button
    t =     4.83s     Check for interrupting elements affecting "lesson.area.a" Button
    t =     4.84s     Synthesize event
    t =     5.20s     Wait for local.aibou.gamelab to idle
    t =     5.20s Get number of matches for: Elements matching predicate 'identifier BEGINSWITH "lesson.open."'
    t =     5.24s Checking existence of `"lesson.open.bit-art" Any`
    t =     5.26s Find the "lesson.open.bit-art" Any
    t =     5.29s Click "lesson.open.bit-art" Button
    t =     5.29s     Wait for local.aibou.gamelab to idle
    t =     5.29s     Find the "lesson.open.bit-art" Button
    t =     5.30s     Check for interrupting elements affecting "lesson.open.bit-art" Button
    t =     5.31s     Synthesize event
    t =     5.67s     Wait for local.aibou.gamelab to idle
    t =     6.03s Checking existence of `Window (First Match)`
    t =     6.04s Find the Window (First Match)
    t =     6.15s Added attachment named 'lessons-intro-bit-art'
    t =     6.15s Checking existence of `"lesson.next" Any`
    t =     6.16s Find the "lesson.next" Any
    t =     6.19s Click "lesson.next" Button
    t =     6.19s     Wait for local.aibou.gamelab to idle
    t =     6.19s     Find the "lesson.next" Button
    t =     6.20s     Check for interrupting elements affecting "lesson.next" Button
    t =     6.21s     Synthesize event
    t =     6.60s     Wait for local.aibou.gamelab to idle
    t =     6.60s Checking existence of `"lesson.next" Any`
    t =     6.61s Find the "lesson.next" Any
    t =     6.63s Find the "lesson.next" Button
    t =     6.65s Checking existence of `"lesson.activity.bit.0" Any`
    t =     6.72s Waiting 3.0s for Button (First Match) to exist
    t =     7.75s     Checking `Expect predicate `existsNoRetry == 1` for object Button (First Match)`
    t =     7.75s         Checking existence of `Button (First Match)`
    t =     7.76s Click Button (First Match)
    t =     7.76s     Wait for local.aibou.gamelab to idle
    t =     7.76s     Find the Button (First Match)
    t =     7.77s     Check for interrupting elements affecting "lesson.activity" Button
    t =     7.78s     Synthesize event
    t =     8.17s     Wait for local.aibou.gamelab to idle
    t =     8.18s Checking existence of `"lesson.next" Any`
    t =     8.20s Find the "lesson.next" Any
    t =     8.23s Find the "lesson.next" Button
    t =     8.25s Get number of matches for: Descendants matching type ScrollView
    t =     8.63s Checking existence of `Window (First Match)`
    t =     8.64s Find the Window (First Match)
    t =     8.74s Added attachment named 'lessons-experiment-bit-art'
    t =     8.74s Checking existence of `"lesson.next" Any`
    t =     8.75s Find the "lesson.next" Any
    t =     8.78s Click "lesson.next" Button
    t =     8.78s     Wait for local.aibou.gamelab to idle
    t =     8.78s     Find the "lesson.next" Button
    t =     8.79s     Check for interrupting elements affecting "lesson.next" Button
    t =     8.80s     Synthesize event
    t =     9.16s     Wait for local.aibou.gamelab to idle
    t =     9.17s Checking existence of `"lesson.next" Any`
    t =     9.18s Find the "lesson.next" Any
    t =     9.21s Find the "lesson.next" Button
    t =     9.22s Checking existence of `"lesson.answer.2" Any`
    t =     9.23s Find the "lesson.answer.2" Any
    t =     9.25s Click "lesson.answer.2" Button
    t =     9.25s     Wait for local.aibou.gamelab to idle
    t =     9.26s     Find the "lesson.answer.2" Button
    t =     9.27s     Check for interrupting elements affecting "lesson.answer.2" Button
    t =     9.28s     Synthesize event
    t =     9.63s     Wait for local.aibou.gamelab to idle
    t =     9.63s Checking existence of `"lesson.next" Any`
    t =     9.64s Find the "lesson.next" Any
    t =     9.77s Find the "lesson.next" Button
    t =    10.14s Checking existence of `Window (First Match)`
    t =    10.15s Find the Window (First Match)
    t =    10.27s Added attachment named 'lessons-question-bit-art'
    t =    10.27s Checking existence of `"lesson.next" Any`
    t =    10.28s Find the "lesson.next" Any
    t =    10.29s Click "lesson.next" Button
    t =    10.29s     Wait for local.aibou.gamelab to idle
    t =    10.29s     Find the "lesson.next" Button
    t =    10.30s     Check for interrupting elements affecting "lesson.next" Button
    t =    10.31s     Synthesize event
    t =    10.65s     Wait for local.aibou.gamelab to idle
    t =    10.66s Checking existence of `"lesson.complete" Any`
    t =    10.67s Find the "lesson.complete" Any
    t =    10.70s Checking existence of `"lesson.complete" StaticText`
    t =    11.07s Checking existence of `Window (First Match)`
    t =    11.07s Find the Window (First Match)
    t =    11.19s Added attachment named 'lessons-discovery-bit-art'
    t =    11.19s Checking existence of `"lesson.done" Any`
    t =    11.20s Find the "lesson.done" Any
    t =    11.22s Click "lesson.done" Button
    t =    11.22s     Wait for local.aibou.gamelab to idle
    t =    11.22s     Find the "lesson.done" Button
    t =    11.22s     Check for interrupting elements affecting "lesson.done" Button
    t =    11.23s     Synthesize event
    t =    11.58s     Wait for local.aibou.gamelab to idle
    t =    11.59s Checking existence of `"lesson.open.bit-art" Any`
    t =    11.60s Find the "lesson.open.bit-art" Any
    t =    11.63s Find the "lesson.open.bit-art" Button
    t =    11.64s Find the "lesson.open.bit-art" Button
    t =    11.65s Checking existence of `"lesson.open.circuit-atelier" Any`
    t =    11.67s Find the "lesson.open.circuit-atelier" Any
    t =    11.69s Click "lesson.open.circuit-atelier" Button
    t =    11.69s     Wait for local.aibou.gamelab to idle
    t =    11.70s     Find the "lesson.open.circuit-atelier" Button
    t =    11.71s     Check for interrupting elements affecting "lesson.open.circuit-atelier" Button
    t =    11.72s     Synthesize event
    t =    12.07s     Wait for local.aibou.gamelab to idle
    t =    12.43s Checking existence of `Window (First Match)`
    t =    12.44s Find the Window (First Match)
    t =    12.54s Added attachment named 'lessons-intro-circuit-atelier'
    t =    12.54s Checking existence of `"lesson.next" Any`
    t =    12.55s Find the "lesson.next" Any
    t =    12.58s Click "lesson.next" Button
    t =    12.58s     Wait for local.aibou.gamelab to idle
    t =    12.58s     Find the "lesson.next" Button
    t =    12.59s     Check for interrupting elements affecting "lesson.next" Button
    t =    12.60s     Synthesize event
    t =    12.96s     Wait for local.aibou.gamelab to idle
    t =    12.96s Checking existence of `"lesson.next" Any`
    t =    12.98s Find the "lesson.next" Any
    t =    13.01s Find the "lesson.next" Button
    t =    13.02s Checking existence of `"lesson.activity.logic.a" Any`
    t =    13.07s Waiting 3.0s for Button (First Match) to exist
    t =    14.11s     Checking `Expect predicate `existsNoRetry == 1` for object Button (First Match)`
    t =    14.11s         Checking existence of `Button (First Match)`
    t =    14.12s Click Button (First Match)
    t =    14.12s     Wait for local.aibou.gamelab to idle
    t =    14.12s     Find the Button (First Match)
    t =    14.14s     Check for interrupting elements affecting "lesson.activity" Button
    t =    14.15s     Synthesize event
    t =    14.49s     Wait for local.aibou.gamelab to idle
    t =    14.49s Checking existence of `"lesson.next" Any`
    t =    14.51s Find the "lesson.next" Any
    t =    14.53s Find the "lesson.next" Button
    t =    14.54s Get number of matches for: Descendants matching type ScrollView
    t =    14.93s Checking existence of `Window (First Match)`
    t =    14.93s Find the Window (First Match)
    t =    15.04s Added attachment named 'lessons-experiment-circuit-atelier'
    t =    15.04s Checking existence of `"lesson.next" Any`
    t =    15.05s Find the "lesson.next" Any
    t =    15.08s Click "lesson.next" Button
    t =    15.08s     Wait for local.aibou.gamelab to idle
    t =    15.08s     Find the "lesson.next" Button
    t =    15.09s     Check for interrupting elements affecting "lesson.next" Button
    t =    15.10s     Synthesize event
    t =    15.43s     Wait for local.aibou.gamelab to idle
    t =    15.43s Checking existence of `"lesson.next" Any`
    t =    15.45s Find the "lesson.next" Any
    t =    15.47s Find the "lesson.next" Button
    t =    15.49s Checking existence of `"lesson.answer.0" Any`
    t =    15.50s Find the "lesson.answer.0" Any
    t =    15.53s Click "lesson.answer.0" Button
    t =    15.53s     Wait for local.aibou.gamelab to idle
    t =    15.53s     Find the "lesson.answer.0" Button
    t =    15.54s     Check for interrupting elements affecting "lesson.answer.0" Button
    t =    15.55s     Synthesize event
    t =    15.89s     Wait for local.aibou.gamelab to idle
    t =    15.89s Checking existence of `"lesson.next" Any`
    t =    15.90s Find the "lesson.next" Any
    t =    15.93s Find the "lesson.next" Button
    t =    16.30s Checking existence of `Window (First Match)`
    t =    16.31s Find the Window (First Match)
    t =    16.43s Added attachment named 'lessons-question-circuit-atelier'
    t =    16.43s Checking existence of `"lesson.next" Any`
    t =    16.44s Find the "lesson.next" Any
    t =    16.45s Click "lesson.next" Button
    t =    16.45s     Wait for local.aibou.gamelab to idle
    t =    16.46s     Find the "lesson.next" Button
    t =    16.46s     Check for interrupting elements affecting "lesson.next" Button
    t =    16.47s     Synthesize event
    t =    16.84s     Wait for local.aibou.gamelab to idle
    t =    16.84s Checking existence of `"lesson.complete" Any`
    t =    16.86s Find the "lesson.complete" Any
    t =    16.89s Checking existence of `"lesson.complete" StaticText`
    t =    17.25s Checking existence of `Window (First Match)`
    t =    17.25s Find the Window (First Match)
    t =    17.38s Added attachment named 'lessons-discovery-circuit-atelier'
    t =    17.38s Checking existence of `"lesson.done" Any`
    t =    17.39s Find the "lesson.done" Any
    t =    17.41s Click "lesson.done" Button
    t =    17.41s     Wait for local.aibou.gamelab to idle
    t =    17.41s     Find the "lesson.done" Button
    t =    17.42s     Check for interrupting elements affecting "lesson.done" Button
    t =    17.43s     Synthesize event
    t =    17.79s     Wait for local.aibou.gamelab to idle
    t =    17.79s Checking existence of `"lesson.open.circuit-atelier" Any`
    t =    17.81s Find the "lesson.open.circuit-atelier" Any
    t =    17.83s Find the "lesson.open.circuit-atelier" Button
    t =    17.84s Find the "lesson.open.circuit-atelier" Button
    t =    17.85s Checking existence of `"lesson.open.memory-switch" Any`
    t =    17.86s Find the "lesson.open.memory-switch" Any
    t =    17.88s Click "lesson.open.memory-switch" Button
    t =    17.88s     Wait for local.aibou.gamelab to idle
    t =    17.89s     Find the "lesson.open.memory-switch" Button
    t =    17.90s     Check for interrupting elements affecting "lesson.open.memory-switch" Button
    t =    17.92s     Synthesize event
    t =    18.26s     Wait for local.aibou.gamelab to idle
    t =    18.62s Checking existence of `Window (First Match)`
    t =    18.62s Find the Window (First Match)
    t =    18.73s Added attachment named 'lessons-intro-memory-switch'
    t =    18.73s Checking existence of `"lesson.next" Any`
    t =    18.74s Find the "lesson.next" Any
    t =    18.76s Click "lesson.next" Button
    t =    18.76s     Wait for local.aibou.gamelab to idle
    t =    18.76s     Find the "lesson.next" Button
    t =    18.77s     Check for interrupting elements affecting "lesson.next" Button
    t =    18.78s     Synthesize event
    t =    19.19s     Wait for local.aibou.gamelab to idle
    t =    19.19s Checking existence of `"lesson.next" Any`
    t =    19.20s Find the "lesson.next" Any
    t =    19.23s Find the "lesson.next" Button
    t =    19.24s Checking existence of `"lesson.activity.latch.input" Any`
    t =    19.29s Waiting 3.0s for Button (First Match) to exist
    t =    20.32s     Checking `Expect predicate `existsNoRetry == 1` for object Button (First Match)`
    t =    20.32s         Checking existence of `Button (First Match)`
    t =    20.33s Click Button (First Match)
    t =    20.33s     Wait for local.aibou.gamelab to idle
    t =    20.34s     Find the Button (First Match)
    t =    20.35s     Check for interrupting elements affecting "lesson.activity" Button
    t =    20.36s     Synthesize event
    t =    20.70s     Wait for local.aibou.gamelab to idle
    t =    20.71s Checking existence of `"lesson.next" Any`
    t =    20.72s Find the "lesson.next" Any
    t =    20.75s Find the "lesson.next" Button
    t =    20.76s Get number of matches for: Descendants matching type ScrollView
    t =    21.15s Checking existence of `Window (First Match)`
    t =    21.15s Find the Window (First Match)
    t =    21.27s Added attachment named 'lessons-experiment-memory-switch'
    t =    21.27s Checking existence of `"lesson.next" Any`
    t =    21.29s Find the "lesson.next" Any
    t =    21.30s Click "lesson.next" Button
    t =    21.30s     Wait for local.aibou.gamelab to idle
    t =    21.30s     Find the "lesson.next" Button
    t =    21.31s     Check for interrupting elements affecting "lesson.next" Button
    t =    21.31s     Synthesize event
    t =    21.66s     Wait for local.aibou.gamelab to idle
    t =    21.67s Checking existence of `"lesson.next" Any`
    t =    21.68s Find the "lesson.next" Any
    t =    21.70s Find the "lesson.next" Button
    t =    21.71s Checking existence of `"lesson.answer.1" Any`
    t =    21.72s Find the "lesson.answer.1" Any
    t =    21.84s Click "lesson.answer.1" Button
    t =    21.85s     Wait for local.aibou.gamelab to idle
    t =    21.85s     Find the "lesson.answer.1" Button
    t =    21.86s     Check for interrupting elements affecting "lesson.answer.1" Button
    t =    21.88s     Synthesize event
    t =    22.22s     Wait for local.aibou.gamelab to idle
    t =    22.22s Checking existence of `"lesson.next" Any`
    t =    22.24s Find the "lesson.next" Any
    t =    22.26s Find the "lesson.next" Button
    t =    22.62s Checking existence of `Window (First Match)`
    t =    22.63s Find the Window (First Match)
    t =    22.74s Added attachment named 'lessons-question-memory-switch'
    t =    22.74s Checking existence of `"lesson.next" Any`
    t =    22.76s Find the "lesson.next" Any
    t =    22.77s Click "lesson.next" Button
    t =    22.77s     Wait for local.aibou.gamelab to idle
    t =    22.77s     Find the "lesson.next" Button
    t =    22.78s     Check for interrupting elements affecting "lesson.next" Button
    t =    22.79s     Synthesize event
    t =    23.16s     Wait for local.aibou.gamelab to idle
    t =    23.16s Checking existence of `"lesson.complete" Any`
    t =    23.17s Find the "lesson.complete" Any
    t =    23.19s Checking existence of `"lesson.complete" StaticText`
    t =    23.55s Checking existence of `Window (First Match)`
    t =    23.55s Find the Window (First Match)
    t =    23.67s Added attachment named 'lessons-discovery-memory-switch'
    t =    23.67s Checking existence of `"lesson.done" Any`
    t =    23.68s Find the "lesson.done" Any
    t =    23.70s Click "lesson.done" Button
    t =    23.70s     Wait for local.aibou.gamelab to idle
    t =    23.70s     Find the "lesson.done" Button
    t =    23.70s     Check for interrupting elements affecting "lesson.done" Button
    t =    23.72s     Synthesize event
    t =    24.06s     Wait for local.aibou.gamelab to idle
    t =    24.06s Checking existence of `"lesson.open.memory-switch" Any`
    t =    24.08s Find the "lesson.open.memory-switch" Any
    t =    24.10s Find the "lesson.open.memory-switch" Button
    t =    24.11s Find the "lesson.open.memory-switch" Button
    t =    24.13s Checking existence of `"lesson.open.tiny-switch-workshop" Any`
    t =    24.14s Find the "lesson.open.tiny-switch-workshop" Any
    t =    24.17s Click "lesson.open.tiny-switch-workshop" Button
    t =    24.17s     Wait for local.aibou.gamelab to idle
    t =    24.17s     Find the "lesson.open.tiny-switch-workshop" Button
    t =    24.18s     Check for interrupting elements affecting "lesson.open.tiny-switch-workshop" Button
    t =    24.19s     Synthesize event
    t =    24.53s     Wait for local.aibou.gamelab to idle
    t =    24.89s Checking existence of `Window (First Match)`
    t =    24.90s Find the Window (First Match)
    t =    25.01s Added attachment named 'lessons-intro-tiny-switch-workshop'
    t =    25.01s Checking existence of `"lesson.next" Any`
    t =    25.02s Find the "lesson.next" Any
    t =    25.04s Click "lesson.next" Button
    t =    25.04s     Wait for local.aibou.gamelab to idle
    t =    25.05s     Find the "lesson.next" Button
    t =    25.06s     Check for interrupting elements affecting "lesson.next" Button
    t =    25.07s     Synthesize event
    t =    25.45s     Wait for local.aibou.gamelab to idle
    t =    25.46s Checking existence of `"lesson.next" Any`
    t =    25.47s Find the "lesson.next" Any
    t =    25.50s Find the "lesson.next" Button
    t =    25.51s Checking existence of `"lesson.activity.transistor.control" Any`
    t =    25.56s Waiting 3.0s for Button (First Match) to exist
    t =    26.59s     Checking `Expect predicate `existsNoRetry == 1` for object Button (First Match)`
    t =    26.60s         Checking existence of `Button (First Match)`
    t =    26.60s Click Button (First Match)
    t =    26.60s     Wait for local.aibou.gamelab to idle
    t =    26.60s     Find the Button (First Match)
    t =    26.61s     Check for interrupting elements affecting "lesson.activity" Button
    t =    26.62s     Synthesize event
    t =    26.95s     Wait for local.aibou.gamelab to idle
    t =    26.95s Checking existence of `"lesson.next" Any`
    t =    26.97s Find the "lesson.next" Any
    t =    27.00s Find the "lesson.next" Button
    t =    27.01s Get number of matches for: Descendants matching type ScrollView
    t =    27.39s Checking existence of `Window (First Match)`
    t =    27.41s Find the Window (First Match)
    t =    27.51s Added attachment named 'lessons-experiment-tiny-switch-workshop'
    t =    27.51s Checking existence of `"lesson.next" Any`
    t =    27.53s Find the "lesson.next" Any
    t =    27.55s Click "lesson.next" Button
    t =    27.55s     Wait for local.aibou.gamelab to idle
    t =    27.56s     Find the "lesson.next" Button
    t =    27.56s     Check for interrupting elements affecting "lesson.next" Button
    t =    27.57s     Synthesize event
    t =    27.92s     Wait for local.aibou.gamelab to idle
    t =    27.92s Checking existence of `"lesson.next" Any`
    t =    27.94s Find the "lesson.next" Any
    t =    27.96s Find the "lesson.next" Button
    t =    27.97s Checking existence of `"lesson.answer.2" Any`
    t =    27.98s Find the "lesson.answer.2" Any
    t =    28.01s Click "lesson.answer.2" Button
    t =    28.01s     Wait for local.aibou.gamelab to idle
    t =    28.01s     Find the "lesson.answer.2" Button
    t =    28.02s     Check for interrupting elements affecting "lesson.answer.2" Button
    t =    28.03s     Synthesize event
    t =    28.36s     Wait for local.aibou.gamelab to idle
    t =    28.36s Checking existence of `"lesson.next" Any`
    t =    28.38s Find the "lesson.next" Any
    t =    28.40s Find the "lesson.next" Button
    t =    28.77s Checking existence of `Window (First Match)`
    t =    28.78s Find the Window (First Match)
    t =    28.90s Added attachment named 'lessons-question-tiny-switch-workshop'
    t =    28.90s Checking existence of `"lesson.next" Any`
    t =    28.91s Find the "lesson.next" Any
    t =    28.94s Click "lesson.next" Button
    t =    28.94s     Wait for local.aibou.gamelab to idle
    t =    28.94s     Find the "lesson.next" Button
    t =    28.95s     Check for interrupting elements affecting "lesson.next" Button
    t =    28.96s     Synthesize event
    t =    29.30s     Wait for local.aibou.gamelab to idle
    t =    29.30s Checking existence of `"lesson.complete" Any`
    t =    29.32s Find the "lesson.complete" Any
    t =    29.34s Checking existence of `"lesson.complete" StaticText`
    t =    29.71s Checking existence of `Window (First Match)`
    t =    29.72s Find the Window (First Match)
    t =    29.84s Added attachment named 'lessons-discovery-tiny-switch-workshop'
    t =    29.84s Checking existence of `"lesson.done" Any`
    t =    29.85s Find the "lesson.done" Any
    t =    29.86s Click "lesson.done" Button
    t =    29.86s     Wait for local.aibou.gamelab to idle
    t =    29.86s     Find the "lesson.done" Button
    t =    29.87s     Check for interrupting elements affecting "lesson.done" Button
    t =    29.88s     Synthesize event
    t =    30.29s     Wait for local.aibou.gamelab to idle
    t =    30.29s Checking existence of `"lesson.open.tiny-switch-workshop" Any`
    t =    30.30s Find the "lesson.open.tiny-switch-workshop" Any
    t =    30.32s Find the "lesson.open.tiny-switch-workshop" Button
    t =    30.33s Find the "lesson.open.tiny-switch-workshop" Button
    t =    30.35s Checking existence of `"lesson.area.b" Any`
    t =    30.36s Find the "lesson.area.b" Any
    t =    30.39s Click "lesson.area.b" Button
    t =    30.39s     Wait for local.aibou.gamelab to idle
    t =    30.39s     Find the "lesson.area.b" Button
    t =    30.40s     Check for interrupting elements affecting "lesson.area.b" Button
    t =    30.42s     Synthesize event
    t =    30.83s     Wait for local.aibou.gamelab to idle
    t =    30.83s Get number of matches for: Elements matching predicate 'identifier BEGINSWITH "lesson.open."'
    t =    30.87s Checking existence of `"lesson.open.instruction-atelier" Any`
    t =    30.87s Find the "lesson.open.instruction-atelier" Any
    t =    30.90s Click "lesson.open.instruction-atelier" Button
    t =    30.90s     Wait for local.aibou.gamelab to idle
    t =    30.90s     Find the "lesson.open.instruction-atelier" Button
    t =    30.91s     Check for interrupting elements affecting "lesson.open.instruction-atelier" Button
    t =    30.92s     Synthesize event
    t =    31.30s     Wait for local.aibou.gamelab to idle
    t =    31.66s Checking existence of `Window (First Match)`
    t =    31.66s Find the Window (First Match)
    t =    31.78s Added attachment named 'lessons-intro-instruction-atelier'
    t =    31.78s Checking existence of `"lesson.next" Any`
    t =    31.80s Find the "lesson.next" Any
    t =    31.82s Click "lesson.next" Button
    t =    31.82s     Wait for local.aibou.gamelab to idle
    t =    31.82s     Find the "lesson.next" Button
    t =    31.83s     Check for interrupting elements affecting "lesson.next" Button
    t =    31.84s     Synthesize event
    t =    32.20s     Wait for local.aibou.gamelab to idle
    t =    32.21s Checking existence of `"lesson.next" Any`
    t =    32.23s Find the "lesson.next" Any
    t =    32.25s Find the "lesson.next" Button
    t =    32.26s Checking existence of `"lesson.activity.instructions.swap" Any`
    t =    32.32s Waiting 3.0s for Button (First Match) to exist
    t =    33.35s     Checking `Expect predicate `existsNoRetry == 1` for object Button (First Match)`
    t =    33.35s         Checking existence of `Button (First Match)`
    t =    33.36s Click Button (First Match)
    t =    33.36s     Wait for local.aibou.gamelab to idle
    t =    33.36s     Find the Button (First Match)
    t =    33.38s     Check for interrupting elements affecting "lesson.activity" Button
    t =    33.39s     Synthesize event
    t =    33.74s     Wait for local.aibou.gamelab to idle
    t =    33.75s Checking existence of `"lesson.next" Any`
    t =    33.77s Find the "lesson.next" Any
    t =    33.79s Find the "lesson.next" Button
    t =    33.80s Get number of matches for: Descendants matching type ScrollView
    t =    34.18s Checking existence of `Window (First Match)`
    t =    34.19s Find the Window (First Match)
    t =    34.29s Added attachment named 'lessons-experiment-instruction-atelier'
    t =    34.29s Checking existence of `"lesson.next" Any`
    t =    34.31s Find the "lesson.next" Any
    t =    34.33s Click "lesson.next" Button
    t =    34.33s     Wait for local.aibou.gamelab to idle
    t =    34.33s     Find the "lesson.next" Button
    t =    34.34s     Check for interrupting elements affecting "lesson.next" Button
    t =    34.35s     Synthesize event
    t =    34.69s     Wait for local.aibou.gamelab to idle
    t =    34.70s Checking existence of `"lesson.next" Any`
    t =    34.72s Find the "lesson.next" Any
    t =    34.74s Find the "lesson.next" Button
    t =    34.75s Checking existence of `"lesson.answer.0" Any`
    t =    34.76s Find the "lesson.answer.0" Any
    t =    34.79s Click "lesson.answer.0" Button
    t =    34.79s     Wait for local.aibou.gamelab to idle
    t =    34.79s     Find the "lesson.answer.0" Button
    t =    34.80s     Check for interrupting elements affecting "lesson.answer.0" Button
    t =    34.81s     Synthesize event
    t =    35.18s     Wait for local.aibou.gamelab to idle
    t =    35.18s Checking existence of `"lesson.next" Any`
    t =    35.19s Find the "lesson.next" Any
    t =    35.22s Find the "lesson.next" Button
    t =    35.58s Checking existence of `Window (First Match)`
    t =    35.59s Find the Window (First Match)
    t =    35.70s Added attachment named 'lessons-question-instruction-atelier'
    t =    35.70s Checking existence of `"lesson.next" Any`
    t =    35.71s Find the "lesson.next" Any
    t =    35.73s Click "lesson.next" Button
    t =    35.73s     Wait for local.aibou.gamelab to idle
    t =    35.73s     Find the "lesson.next" Button
    t =    35.73s     Check for interrupting elements affecting "lesson.next" Button
    t =    35.74s     Synthesize event
    t =    36.10s     Wait for local.aibou.gamelab to idle
    t =    36.11s Checking existence of `"lesson.complete" Any`
    t =    36.12s Find the "lesson.complete" Any
    t =    36.26s Checking existence of `"lesson.complete" StaticText`
    t =    36.62s Checking existence of `Window (First Match)`
    t =    36.63s Find the Window (First Match)
    t =    36.75s Added attachment named 'lessons-discovery-instruction-atelier'
    t =    36.75s Checking existence of `"lesson.done" Any`
    t =    36.76s Find the "lesson.done" Any
    t =    36.77s Click "lesson.done" Button
    t =    36.77s     Wait for local.aibou.gamelab to idle
    t =    36.77s     Find the "lesson.done" Button
    t =    36.79s     Check for interrupting elements affecting "lesson.done" Button
    t =    36.82s     Synthesize event
    t =    37.18s     Wait for local.aibou.gamelab to idle
    t =    37.18s Checking existence of `"lesson.open.instruction-atelier" Any`
    t =    37.19s Find the "lesson.open.instruction-atelier" Any
    t =    37.22s Find the "lesson.open.instruction-atelier" Button
    t =    37.23s Find the "lesson.open.instruction-atelier" Button
    t =    37.25s Checking existence of `"lesson.open.work-dispatch" Any`
    t =    37.26s Find the "lesson.open.work-dispatch" Any
    t =    37.29s Click "lesson.open.work-dispatch" Button
    t =    37.29s     Wait for local.aibou.gamelab to idle
    t =    37.29s     Find the "lesson.open.work-dispatch" Button
    t =    37.30s     Check for interrupting elements affecting "lesson.open.work-dispatch" Button
    t =    37.33s     Synthesize event
    t =    37.77s     Wait for local.aibou.gamelab to idle
    t =    38.13s Checking existence of `Window (First Match)`
    t =    38.13s Find the Window (First Match)
    t =    38.25s Added attachment named 'lessons-intro-work-dispatch'
    t =    38.25s Checking existence of `"lesson.next" Any`
    t =    38.26s Find the "lesson.next" Any
    t =    38.28s Click "lesson.next" Button
    t =    38.28s     Wait for local.aibou.gamelab to idle
    t =    38.28s     Find the "lesson.next" Button
    t =    38.28s     Check for interrupting elements affecting "lesson.next" Button
    t =    38.29s     Synthesize event
    t =    38.64s     Wait for local.aibou.gamelab to idle
    t =    38.64s Checking existence of `"lesson.next" Any`
    t =    38.66s Find the "lesson.next" Any
    t =    38.68s Find the "lesson.next" Button
    t =    38.70s Checking existence of `"lesson.activity.schedule.order" Any`
    t =    38.75s Waiting 3.0s for Button (First Match) to exist
    t =    39.77s     Checking `Expect predicate `existsNoRetry == 1` for object Button (First Match)`
    t =    39.77s         Checking existence of `Button (First Match)`
    t =    39.78s Click Button (First Match)
    t =    39.78s     Wait for local.aibou.gamelab to idle
    t =    39.78s     Find the Button (First Match)
    t =    39.79s     Check for interrupting elements affecting "lesson.activity" Button
    t =    39.80s     Synthesize event
    t =    40.19s     Wait for local.aibou.gamelab to idle
    t =    40.20s Checking existence of `"lesson.next" Any`
    t =    40.21s Find the "lesson.next" Any
    t =    40.23s Find the "lesson.next" Button
    t =    40.25s Get number of matches for: Descendants matching type ScrollView
    t =    40.64s Checking existence of `Window (First Match)`
    t =    40.64s Find the Window (First Match)
    t =    40.75s Added attachment named 'lessons-experiment-work-dispatch'
    t =    40.75s Checking existence of `"lesson.next" Any`
    t =    40.77s Find the "lesson.next" Any
    t =    40.79s Click "lesson.next" Button
    t =    40.79s     Wait for local.aibou.gamelab to idle
    t =    40.79s     Find the "lesson.next" Button
    t =    40.80s     Check for interrupting elements affecting "lesson.next" Button
    t =    40.81s     Synthesize event
    t =    41.22s     Wait for local.aibou.gamelab to idle
    t =    41.22s Checking existence of `"lesson.next" Any`
    t =    41.23s Find the "lesson.next" Any
    t =    41.25s Find the "lesson.next" Button
    t =    41.26s Checking existence of `"lesson.answer.1" Any`
    t =    41.27s Find the "lesson.answer.1" Any
    t =    41.30s Click "lesson.answer.1" Button
    t =    41.30s     Wait for local.aibou.gamelab to idle
    t =    41.30s     Find the "lesson.answer.1" Button
    t =    41.31s     Check for interrupting elements affecting "lesson.answer.1" Button
    t =    41.32s     Synthesize event
    t =    41.65s     Wait for local.aibou.gamelab to idle
    t =    41.65s Checking existence of `"lesson.next" Any`
    t =    41.66s Find the "lesson.next" Any
    t =    41.68s Find the "lesson.next" Button
    t =    42.05s Checking existence of `Window (First Match)`
    t =    42.07s Find the Window (First Match)
    t =    42.18s Added attachment named 'lessons-question-work-dispatch'
    t =    42.18s Checking existence of `"lesson.next" Any`
    t =    42.19s Find the "lesson.next" Any
    t =    42.21s Click "lesson.next" Button
    t =    42.21s     Wait for local.aibou.gamelab to idle
    t =    42.21s     Find the "lesson.next" Button
    t =    42.22s     Check for interrupting elements affecting "lesson.next" Button
    t =    42.23s     Synthesize event
    t =    42.58s     Wait for local.aibou.gamelab to idle
    t =    42.59s Checking existence of `"lesson.complete" Any`
    t =    42.60s Find the "lesson.complete" Any
    t =    42.62s Checking existence of `"lesson.complete" StaticText`
    t =    42.98s Checking existence of `Window (First Match)`
    t =    42.98s Find the Window (First Match)
    t =    43.10s Added attachment named 'lessons-discovery-work-dispatch'
    t =    43.10s Checking existence of `"lesson.done" Any`
    t =    43.11s Find the "lesson.done" Any
    t =    43.13s Click "lesson.done" Button
    t =    43.13s     Wait for local.aibou.gamelab to idle
    t =    43.13s     Find the "lesson.done" Button
    t =    43.14s     Check for interrupting elements affecting "lesson.done" Button
    t =    43.15s     Synthesize event
    t =    43.53s     Wait for local.aibou.gamelab to idle
    t =    43.54s Checking existence of `"lesson.open.work-dispatch" Any`
    t =    43.55s Find the "lesson.open.work-dispatch" Any
    t =    43.57s Find the "lesson.open.work-dispatch" Button
    t =    43.58s Find the "lesson.open.work-dispatch" Button
    t =    43.59s Checking existence of `"lesson.open.parallel-factory" Any`
    t =    43.61s Find the "lesson.open.parallel-factory" Any
    t =    43.63s Click "lesson.open.parallel-factory" Button
    t =    43.63s     Wait for local.aibou.gamelab to idle
    t =    43.64s     Find the "lesson.open.parallel-factory" Button
    t =    43.64s     Check for interrupting elements affecting "lesson.open.parallel-factory" Button
    t =    43.65s     Synthesize event
    t =    44.03s     Wait for local.aibou.gamelab to idle
    t =    44.38s Checking existence of `Window (First Match)`
    t =    44.39s Find the Window (First Match)
    t =    44.50s Added attachment named 'lessons-intro-parallel-factory'
    t =    44.50s Checking existence of `"lesson.next" Any`
    t =    44.51s Find the "lesson.next" Any
    t =    44.53s Click "lesson.next" Button
    t =    44.53s     Wait for local.aibou.gamelab to idle
    t =    44.54s     Find the "lesson.next" Button
    t =    44.54s     Check for interrupting elements affecting "lesson.next" Button
    t =    44.55s     Synthesize event
    t =    44.96s     Wait for local.aibou.gamelab to idle
    t =    44.96s Checking existence of `"lesson.next" Any`
    t =    44.98s Find the "lesson.next" Any
    t =    45.01s Find the "lesson.next" Button
    t =    45.02s Checking existence of `"lesson.activity.parallel.cores.increase" Any`
    t =    45.07s Waiting 3.0s for Button (First Match) to exist
    t =    46.09s     Checking `Expect predicate `existsNoRetry == 1` for object Button (First Match)`
    t =    46.09s         Checking existence of `Button (First Match)`
    t =    46.10s Click Button (First Match)
    t =    46.10s     Wait for local.aibou.gamelab to idle
    t =    46.10s     Find the Button (First Match)
    t =    46.11s     Check for interrupting elements affecting "lesson.activity" Button
    t =    46.12s     Synthesize event
    t =    46.46s     Wait for local.aibou.gamelab to idle
    t =    46.46s Checking existence of `"lesson.next" Any`
    t =    46.48s Find the "lesson.next" Any
    t =    46.50s Find the "lesson.next" Button
    t =    46.52s Get number of matches for: Descendants matching type ScrollView
    t =    46.89s Checking existence of `Window (First Match)`
    t =    46.90s Find the Window (First Match)
    t =    47.01s Added attachment named 'lessons-experiment-parallel-factory'
    t =    47.01s Checking existence of `"lesson.next" Any`
    t =    47.02s Find the "lesson.next" Any
    t =    47.04s Click "lesson.next" Button
    t =    47.04s     Wait for local.aibou.gamelab to idle
    t =    47.04s     Find the "lesson.next" Button
    t =    47.05s     Check for interrupting elements affecting "lesson.next" Button
    t =    47.06s     Synthesize event
    t =    47.40s     Wait for local.aibou.gamelab to idle
    t =    47.40s Checking existence of `"lesson.next" Any`
    t =    47.42s Find the "lesson.next" Any
    t =    47.44s Find the "lesson.next" Button
    t =    47.46s Checking existence of `"lesson.answer.2" Any`
    t =    47.47s Find the "lesson.answer.2" Any
    t =    47.49s Click "lesson.answer.2" Button
    t =    47.49s     Wait for local.aibou.gamelab to idle
    t =    47.49s     Find the "lesson.answer.2" Button
    t =    47.51s     Check for interrupting elements affecting "lesson.answer.2" Button
    t =    47.52s     Synthesize event
    t =    47.88s     Wait for local.aibou.gamelab to idle
    t =    47.88s Checking existence of `"lesson.next" Any`
    t =    47.90s Find the "lesson.next" Any
    t =    47.92s Find the "lesson.next" Button
    t =    48.28s Checking existence of `Window (First Match)`
    t =    48.28s Find the Window (First Match)
    t =    48.39s Added attachment named 'lessons-question-parallel-factory'
    t =    48.39s Checking existence of `"lesson.next" Any`
    t =    48.40s Find the "lesson.next" Any
    t =    48.43s Click "lesson.next" Button
    t =    48.43s     Wait for local.aibou.gamelab to idle
    t =    48.43s     Find the "lesson.next" Button
    t =    48.43s     Check for interrupting elements affecting "lesson.next" Button
    t =    48.44s     Synthesize event
    t =    48.85s     Wait for local.aibou.gamelab to idle
    t =    48.86s Checking existence of `"lesson.complete" Any`
    t =    48.86s Find the "lesson.complete" Any
    t =    48.89s Checking existence of `"lesson.complete" StaticText`
    t =    49.25s Checking existence of `Window (First Match)`
    t =    49.25s Find the Window (First Match)
    t =    49.35s Added attachment named 'lessons-discovery-parallel-factory'
    t =    49.36s Checking existence of `"lesson.done" Any`
    t =    49.37s Find the "lesson.done" Any
    t =    49.38s Click "lesson.done" Button
    t =    49.38s     Wait for local.aibou.gamelab to idle
    t =    49.39s     Find the "lesson.done" Button
    t =    49.39s     Check for interrupting elements affecting "lesson.done" Button
    t =    49.40s     Synthesize event
    t =    49.82s     Wait for local.aibou.gamelab to idle
    t =    49.82s Checking existence of `"lesson.open.parallel-factory" Any`
    t =    49.83s Find the "lesson.open.parallel-factory" Any
    t =    49.97s Find the "lesson.open.parallel-factory" Button
    t =    49.97s Find the "lesson.open.parallel-factory" Button
    t =    49.99s Checking existence of `"lesson.open.pixel-factory" Any`
    t =    50.01s Find the "lesson.open.pixel-factory" Any
    t =    50.02s Click "lesson.open.pixel-factory" Button
    t =    50.02s     Wait for local.aibou.gamelab to idle
    t =    50.03s     Find the "lesson.open.pixel-factory" Button
    t =    50.03s     Check for interrupting elements affecting "lesson.open.pixel-factory" Button
    t =    50.05s     Synthesize event
    t =    50.41s     Wait for local.aibou.gamelab to idle
    t =    50.77s Checking existence of `Window (First Match)`
    t =    50.78s Find the Window (First Match)
    t =    50.88s Added attachment named 'lessons-intro-pixel-factory'
    t =    50.88s Checking existence of `"lesson.next" Any`
    t =    50.89s Find the "lesson.next" Any
    t =    50.90s Click "lesson.next" Button
    t =    50.90s     Wait for local.aibou.gamelab to idle
    t =    50.90s     Find the "lesson.next" Button
    t =    50.91s     Check for interrupting elements affecting "lesson.next" Button
    t =    50.92s     Synthesize event
    t =    51.33s     Wait for local.aibou.gamelab to idle
    t =    51.33s Checking existence of `"lesson.next" Any`
    t =    51.34s Find the "lesson.next" Any
    t =    51.36s Find the "lesson.next" Button
    t =    51.38s Checking existence of `"lesson.activity.pixels.lanes" Any`
    t =    51.44s Waiting 3.0s for Button (First Match) to exist
    t =    52.46s     Checking `Expect predicate `existsNoRetry == 1` for object Button (First Match)`
    t =    52.46s         Checking existence of `Button (First Match)`
    t =    52.47s Click Button (First Match)
    t =    52.47s     Wait for local.aibou.gamelab to idle
    t =    52.47s     Find the Button (First Match)
    t =    52.49s     Check for interrupting elements affecting "lesson.activity" Button
    t =    52.50s     Synthesize event
    t =    52.86s     Wait for local.aibou.gamelab to idle
    t =    52.87s Checking existence of `"lesson.next" Any`
    t =    52.89s Find the "lesson.next" Any
    t =    52.91s Find the "lesson.next" Button
    t =    52.93s Get number of matches for: Descendants matching type ScrollView
    t =    53.32s Checking existence of `Window (First Match)`
    t =    53.33s Find the Window (First Match)
    t =    53.44s Added attachment named 'lessons-experiment-pixel-factory'
    t =    53.44s Checking existence of `"lesson.next" Any`
    t =    53.45s Find the "lesson.next" Any
    t =    53.47s Click "lesson.next" Button
    t =    53.47s     Wait for local.aibou.gamelab to idle
    t =    53.47s     Find the "lesson.next" Button
    t =    53.48s     Check for interrupting elements affecting "lesson.next" Button
    t =    53.49s     Synthesize event
    t =    53.82s     Wait for local.aibou.gamelab to idle
    t =    53.83s Checking existence of `"lesson.next" Any`
    t =    53.84s Find the "lesson.next" Any
    t =    53.86s Find the "lesson.next" Button
    t =    53.88s Checking existence of `"lesson.answer.0" Any`
    t =    53.89s Find the "lesson.answer.0" Any
    t =    53.91s Click "lesson.answer.0" Button
    t =    53.91s     Wait for local.aibou.gamelab to idle
    t =    53.91s     Find the "lesson.answer.0" Button
    t =    53.92s     Check for interrupting elements affecting "lesson.answer.0" Button
    t =    53.93s     Synthesize event
    t =    54.27s     Wait for local.aibou.gamelab to idle
    t =    54.28s Checking existence of `"lesson.next" Any`
    t =    54.29s Find the "lesson.next" Any
    t =    54.31s Find the "lesson.next" Button
    t =    54.67s Checking existence of `Window (First Match)`
    t =    54.68s Find the Window (First Match)
    t =    54.79s Added attachment named 'lessons-question-pixel-factory'
    t =    54.79s Checking existence of `"lesson.next" Any`
    t =    54.80s Find the "lesson.next" Any
    t =    54.81s Click "lesson.next" Button
    t =    54.81s     Wait for local.aibou.gamelab to idle
    t =    54.81s     Find the "lesson.next" Button
    t =    54.82s     Check for interrupting elements affecting "lesson.next" Button
    t =    54.83s     Synthesize event
    t =    55.20s     Wait for local.aibou.gamelab to idle
    t =    55.21s Checking existence of `"lesson.complete" Any`
    t =    55.22s Find the "lesson.complete" Any
    t =    55.24s Checking existence of `"lesson.complete" StaticText`
    t =    55.60s Checking existence of `Window (First Match)`
    t =    55.60s Find the Window (First Match)
    t =    55.75s Added attachment named 'lessons-discovery-pixel-factory'
    t =    55.75s Checking existence of `"lesson.done" Any`
    t =    55.76s Find the "lesson.done" Any
    t =    55.77s Click "lesson.done" Button
    t =    55.77s     Wait for local.aibou.gamelab to idle
    t =    55.77s     Find the "lesson.done" Button
    t =    55.78s     Check for interrupting elements affecting "lesson.done" Button
    t =    55.79s     Synthesize event
    t =    56.21s     Wait for local.aibou.gamelab to idle
    t =    56.21s Checking existence of `"lesson.open.pixel-factory" Any`
    t =    56.23s Find the "lesson.open.pixel-factory" Any
    t =    56.25s Find the "lesson.open.pixel-factory" Button
    t =    56.26s Find the "lesson.open.pixel-factory" Button
    t =    56.28s Checking existence of `"lesson.area.c" Any`
    t =    56.29s Find the "lesson.area.c" Any
    t =    56.32s Click "lesson.area.c" Button
    t =    56.32s     Wait for local.aibou.gamelab to idle
    t =    56.32s     Find the "lesson.area.c" Button
    t =    56.33s     Check for interrupting elements affecting "lesson.area.c" Button
    t =    56.34s     Synthesize event
    t =    56.75s     Wait for local.aibou.gamelab to idle
    t =    56.75s Get number of matches for: Elements matching predicate 'identifier BEGINSWITH "lesson.open."'
    t =    56.81s Checking existence of `"lesson.open.memory-dock" Any`
    t =    56.82s Find the "lesson.open.memory-dock" Any
    t =    56.84s Click "lesson.open.memory-dock" Button
    t =    56.84s     Wait for local.aibou.gamelab to idle
    t =    56.85s     Find the "lesson.open.memory-dock" Button
    t =    56.86s     Check for interrupting elements affecting "lesson.open.memory-dock" Button
    t =    56.88s     Synthesize event
    t =    57.24s     Wait for local.aibou.gamelab to idle
    t =    57.60s Checking existence of `Window (First Match)`
    t =    57.61s Find the Window (First Match)
    t =    57.73s Added attachment named 'lessons-intro-memory-dock'
    t =    57.73s Checking existence of `"lesson.next" Any`
    t =    57.74s Find the "lesson.next" Any
    t =    57.76s Click "lesson.next" Button
    t =    57.76s     Wait for local.aibou.gamelab to idle
    t =    57.76s     Find the "lesson.next" Button
    t =    57.77s     Check for interrupting elements affecting "lesson.next" Button
    t =    57.78s     Synthesize event
    t =    58.20s     Wait for local.aibou.gamelab to idle
    t =    58.20s Checking existence of `"lesson.next" Any`
    t =    58.22s Find the "lesson.next" Any
    t =    58.25s Find the "lesson.next" Button
    t =    58.26s Checking existence of `"lesson.activity.memory.save" Any`
    t =    58.31s Waiting 3.0s for Button (First Match) to exist
    t =    59.33s     Checking `Expect predicate `existsNoRetry == 1` for object Button (First Match)`
    t =    59.33s         Checking existence of `Button (First Match)`
    t =    59.34s Click Button (First Match)
    t =    59.34s     Wait for local.aibou.gamelab to idle
    t =    59.35s     Find the Button (First Match)
    t =    59.36s     Check for interrupting elements affecting "lesson.activity" Button
    t =    59.37s     Synthesize event
    t =    59.77s     Wait for local.aibou.gamelab to idle
    t =    59.77s Checking existence of `"lesson.next" Any`
    t =    59.79s Find the "lesson.next" Any
    t =    59.81s Find the "lesson.next" Button
    t =    59.82s Get number of matches for: Descendants matching type ScrollView
    t =    60.21s Checking existence of `Window (First Match)`
    t =    60.22s Find the Window (First Match)
    t =    60.33s Added attachment named 'lessons-experiment-memory-dock'
    t =    60.33s Checking existence of `"lesson.next" Any`
    t =    60.35s Find the "lesson.next" Any
    t =    60.38s Click "lesson.next" Button
    t =    60.38s     Wait for local.aibou.gamelab to idle
    t =    60.38s     Find the "lesson.next" Button
    t =    60.39s     Check for interrupting elements affecting "lesson.next" Button
    t =    60.40s     Synthesize event
    t =    60.75s     Wait for local.aibou.gamelab to idle
    t =    60.75s Checking existence of `"lesson.next" Any`
    t =    60.77s Find the "lesson.next" Any
    t =    60.79s Find the "lesson.next" Button
    t =    60.80s Checking existence of `"lesson.answer.1" Any`
    t =    60.81s Find the "lesson.answer.1" Any
    t =    60.84s Click "lesson.answer.1" Button
    t =    60.84s     Wait for local.aibou.gamelab to idle
    t =    60.84s     Find the "lesson.answer.1" Button
    t =    60.85s     Check for interrupting elements affecting "lesson.answer.1" Button
    t =    60.86s     Synthesize event
    t =    61.21s     Wait for local.aibou.gamelab to idle
    t =    61.21s Checking existence of `"lesson.next" Any`
    t =    61.23s Find the "lesson.next" Any
    t =    61.26s Find the "lesson.next" Button
    t =    61.62s Checking existence of `Window (First Match)`
    t =    61.62s Find the Window (First Match)
    t =    61.74s Added attachment named 'lessons-question-memory-dock'
    t =    61.74s Checking existence of `"lesson.next" Any`
    t =    61.75s Find the "lesson.next" Any
    t =    61.77s Click "lesson.next" Button
    t =    61.77s     Wait for local.aibou.gamelab to idle
    t =    61.77s     Find the "lesson.next" Button
    t =    61.78s     Check for interrupting elements affecting "lesson.next" Button
    t =    61.79s     Synthesize event
    t =    62.15s     Wait for local.aibou.gamelab to idle
    t =    62.15s Checking existence of `"lesson.complete" Any`
    t =    62.17s Find the "lesson.complete" Any
    t =    62.19s Checking existence of `"lesson.complete" StaticText`
    t =    62.55s Checking existence of `Window (First Match)`
    t =    62.57s Find the Window (First Match)
    t =    62.67s Added attachment named 'lessons-discovery-memory-dock'
    t =    62.67s Checking existence of `"lesson.done" Any`
    t =    62.68s Find the "lesson.done" Any
    t =    62.70s Click "lesson.done" Button
    t =    62.70s     Wait for local.aibou.gamelab to idle
    t =    62.70s     Find the "lesson.done" Button
    t =    62.71s     Check for interrupting elements affecting "lesson.done" Button
    t =    62.72s     Synthesize event
    t =    63.07s     Wait for local.aibou.gamelab to idle
    t =    63.08s Checking existence of `"lesson.open.memory-dock" Any`
    t =    63.09s Find the "lesson.open.memory-dock" Any
    t =    63.12s Find the "lesson.open.memory-dock" Button
    t =    63.13s Find the "lesson.open.memory-dock" Button
    t =    63.14s Checking existence of `"lesson.open.cache-delivery" Any`
    t =    63.16s Find the "lesson.open.cache-delivery" Any
    t =    63.18s Click "lesson.open.cache-delivery" Button
    t =    63.18s     Wait for local.aibou.gamelab to idle
    t =    63.19s     Find the "lesson.open.cache-delivery" Button
    t =    63.19s     Check for interrupting elements affecting "lesson.open.cache-delivery" Button
    t =    63.20s     Synthesize event
    t =    63.58s     Wait for local.aibou.gamelab to idle
    t =    63.93s Checking existence of `Window (First Match)`
    t =    63.94s Find the Window (First Match)
    t =    64.07s Added attachment named 'lessons-intro-cache-delivery'
    t =    64.07s Checking existence of `"lesson.next" Any`
    t =    64.08s Find the "lesson.next" Any
    t =    64.11s Click "lesson.next" Button
    t =    64.11s     Wait for local.aibou.gamelab to idle
    t =    64.11s     Find the "lesson.next" Button
    t =    64.12s     Check for interrupting elements affecting "lesson.next" Button
    t =    64.13s     Synthesize event
    t =    64.49s     Wait for local.aibou.gamelab to idle
    t =    64.49s Checking existence of `"lesson.next" Any`
    t =    64.51s Find the "lesson.next" Any
    t =    64.53s Find the "lesson.next" Button
    t =    64.55s Checking existence of `"lesson.activity.cache.read" Any`
    t =    64.61s Waiting 3.0s for Button (First Match) to exist
    t =    65.62s     Checking `Expect predicate `existsNoRetry == 1` for object Button (First Match)`
    t =    65.62s         Checking existence of `Button (First Match)`
    t =    65.63s Click Button (First Match)
    t =    65.63s     Wait for local.aibou.gamelab to idle
    t =    65.63s     Find the Button (First Match)
    t =    65.64s     Check for interrupting elements affecting "lesson.activity" Button
    t =    65.66s     Synthesize event
    t =    66.01s     Wait for local.aibou.gamelab to idle
    t =    66.02s Checking existence of `"lesson.next" Any`
    t =    66.03s Find the "lesson.next" Any
    t =    66.05s Find the "lesson.next" Button
    t =    66.06s Get number of matches for: Descendants matching type ScrollView
    t =    66.44s Checking existence of `Window (First Match)`
    t =    66.45s Find the Window (First Match)
    t =    66.56s Added attachment named 'lessons-experiment-cache-delivery'
    t =    66.56s Checking existence of `"lesson.next" Any`
    t =    66.57s Find the "lesson.next" Any
    t =    66.60s Click "lesson.next" Button
    t =    66.60s     Wait for local.aibou.gamelab to idle
    t =    66.60s     Find the "lesson.next" Button
    t =    66.61s     Check for interrupting elements affecting "lesson.next" Button
    t =    66.62s     Synthesize event
    t =    66.97s     Wait for local.aibou.gamelab to idle
    t =    66.98s Checking existence of `"lesson.next" Any`
    t =    66.99s Find the "lesson.next" Any
    t =    67.02s Find the "lesson.next" Button
    t =    67.03s Checking existence of `"lesson.answer.2" Any`
    t =    67.04s Find the "lesson.answer.2" Any
    t =    67.07s Click "lesson.answer.2" Button
    t =    67.07s     Wait for local.aibou.gamelab to idle
    t =    67.07s     Find the "lesson.answer.2" Button
    t =    67.08s     Check for interrupting elements affecting "lesson.answer.2" Button
    t =    67.09s     Synthesize event
    t =    67.44s     Wait for local.aibou.gamelab to idle
    t =    67.44s Checking existence of `"lesson.next" Any`
    t =    67.45s Find the "lesson.next" Any
    t =    67.48s Find the "lesson.next" Button
    t =    67.84s Checking existence of `Window (First Match)`
    t =    67.85s Find the Window (First Match)
    t =    67.96s Added attachment named 'lessons-question-cache-delivery'
    t =    67.96s Checking existence of `"lesson.next" Any`
    t =    67.97s Find the "lesson.next" Any
    t =    67.99s Click "lesson.next" Button
    t =    67.99s     Wait for local.aibou.gamelab to idle
    t =    67.99s     Find the "lesson.next" Button
    t =    68.00s     Check for interrupting elements affecting "lesson.next" Button
    t =    68.01s     Synthesize event
    t =    68.38s     Wait for local.aibou.gamelab to idle
    t =    68.39s Checking existence of `"lesson.complete" Any`
    t =    68.40s Find the "lesson.complete" Any
    t =    68.42s Checking existence of `"lesson.complete" StaticText`
    t =    68.78s Checking existence of `Window (First Match)`
    t =    68.79s Find the Window (First Match)
    t =    68.90s Added attachment named 'lessons-discovery-cache-delivery'
    t =    68.90s Checking existence of `"lesson.done" Any`
    t =    68.91s Find the "lesson.done" Any
    t =    68.93s Click "lesson.done" Button
    t =    68.93s     Wait for local.aibou.gamelab to idle
    t =    68.93s     Find the "lesson.done" Button
    t =    68.93s     Check for interrupting elements affecting "lesson.done" Button
    t =    68.94s     Synthesize event
    t =    69.34s     Wait for local.aibou.gamelab to idle
    t =    69.35s Checking existence of `"lesson.open.cache-delivery" Any`
    t =    69.37s Find the "lesson.open.cache-delivery" Any
    t =    69.39s Find the "lesson.open.cache-delivery" Button
    t =    69.40s Find the "lesson.open.cache-delivery" Button
    t =    69.42s Checking existence of `"lesson.open.memory-rescue" Any`
    t =    69.43s Find the "lesson.open.memory-rescue" Any
    t =    69.46s Click "lesson.open.memory-rescue" Button
    t =    69.46s     Wait for local.aibou.gamelab to idle
    t =    69.46s     Find the "lesson.open.memory-rescue" Button
    t =    69.47s     Check for interrupting elements affecting "lesson.open.memory-rescue" Button
    t =    69.48s     Synthesize event
    t =    69.84s     Wait for local.aibou.gamelab to idle
    t =    70.19s Checking existence of `Window (First Match)`
    t =    70.20s Find the Window (First Match)
    t =    70.30s Added attachment named 'lessons-intro-memory-rescue'
    t =    70.30s Checking existence of `"lesson.next" Any`
    t =    70.32s Find the "lesson.next" Any
    t =    70.33s Click "lesson.next" Button
    t =    70.33s     Wait for local.aibou.gamelab to idle
    t =    70.33s     Find the "lesson.next" Button
    t =    70.34s     Check for interrupting elements affecting "lesson.next" Button
    t =    70.35s     Synthesize event
    t =    70.76s     Wait for local.aibou.gamelab to idle
    t =    70.76s Checking existence of `"lesson.next" Any`
    t =    70.78s Find the "lesson.next" Any
    t =    70.81s Find the "lesson.next" Button
    t =    70.82s Checking existence of `"lesson.activity.compression.swap" Any`
    t =    70.87s Waiting 3.0s for Button (First Match) to exist
    t =    71.89s     Checking `Expect predicate `existsNoRetry == 1` for object Button (First Match)`
    t =    71.89s         Checking existence of `Button (First Match)`
    t =    71.90s Click Button (First Match)
    t =    71.90s     Wait for local.aibou.gamelab to idle
    t =    71.91s     Find the Button (First Match)
    t =    71.92s     Check for interrupting elements affecting "lesson.activity" Button
    t =    71.93s     Synthesize event
    t =    72.29s     Wait for local.aibou.gamelab to idle
    t =    72.29s Checking existence of `"lesson.next" Any`
    t =    72.31s Find the "lesson.next" Any
    t =    72.34s Find the "lesson.next" Button
    t =    72.36s Get number of matches for: Descendants matching type ScrollView
    t =    72.75s Checking existence of `Window (First Match)`
    t =    72.75s Find the Window (First Match)
    t =    72.88s Added attachment named 'lessons-experiment-memory-rescue'
    t =    72.88s Checking existence of `"lesson.next" Any`
    t =    72.90s Find the "lesson.next" Any
    t =    72.92s Click "lesson.next" Button
    t =    72.92s     Wait for local.aibou.gamelab to idle
    t =    72.92s     Find the "lesson.next" Button
    t =    72.93s     Check for interrupting elements affecting "lesson.next" Button
    t =    72.94s     Synthesize event
    t =    73.29s     Wait for local.aibou.gamelab to idle
    t =    73.29s Checking existence of `"lesson.next" Any`
    t =    73.31s Find the "lesson.next" Any
    t =    73.34s Find the "lesson.next" Button
    t =    73.35s Checking existence of `"lesson.answer.0" Any`
    t =    73.37s Find the "lesson.answer.0" Any
    t =    73.40s Click "lesson.answer.0" Button
    t =    73.40s     Wait for local.aibou.gamelab to idle
    t =    73.40s     Find the "lesson.answer.0" Button
    t =    73.41s     Check for interrupting elements affecting "lesson.answer.0" Button
    t =    73.42s     Synthesize event
    t =    73.74s     Wait for local.aibou.gamelab to idle
    t =    73.74s Checking existence of `"lesson.next" Any`
    t =    73.75s Find the "lesson.next" Any
    t =    73.78s Find the "lesson.next" Button
    t =    74.15s Checking existence of `Window (First Match)`
    t =    74.15s Find the Window (First Match)
    t =    74.27s Added attachment named 'lessons-question-memory-rescue'
    t =    74.27s Checking existence of `"lesson.next" Any`
    t =    74.28s Find the "lesson.next" Any
    t =    74.30s Click "lesson.next" Button
    t =    74.30s     Wait for local.aibou.gamelab to idle
    t =    74.30s     Find the "lesson.next" Button
    t =    74.30s     Check for interrupting elements affecting "lesson.next" Button
    t =    74.31s     Synthesize event
    t =    74.70s     Wait for local.aibou.gamelab to idle
    t =    74.70s Checking existence of `"lesson.complete" Any`
    t =    74.72s Find the "lesson.complete" Any
    t =    74.75s Checking existence of `"lesson.complete" StaticText`
    t =    75.11s Checking existence of `Window (First Match)`
    t =    75.12s Find the Window (First Match)
    t =    75.22s Added attachment named 'lessons-discovery-memory-rescue'
    t =    75.23s Checking existence of `"lesson.done" Any`
    t =    75.24s Find the "lesson.done" Any
    t =    75.26s Click "lesson.done" Button
    t =    75.26s     Wait for local.aibou.gamelab to idle
    t =    75.26s     Find the "lesson.done" Button
    t =    75.27s     Check for interrupting elements affecting "lesson.done" Button
    t =    75.28s     Synthesize event
    t =    75.62s     Wait for local.aibou.gamelab to idle
    t =    75.63s Checking existence of `"lesson.open.memory-rescue" Any`
    t =    75.64s Find the "lesson.open.memory-rescue" Any
    t =    75.67s Find the "lesson.open.memory-rescue" Button
    t =    75.68s Find the "lesson.open.memory-rescue" Button
    t =    75.70s Checking existence of `"lesson.open.storage-warehouse" Any`
    t =    75.71s Find the "lesson.open.storage-warehouse" Any
    t =    75.74s Click "lesson.open.storage-warehouse" Button
    t =    75.74s     Wait for local.aibou.gamelab to idle
    t =    75.74s     Find the "lesson.open.storage-warehouse" Button
    t =    75.75s     Check for interrupting elements affecting "lesson.open.storage-warehouse" Button
    t =    75.76s     Synthesize event
    t =    76.17s     Wait for local.aibou.gamelab to idle
    t =    76.53s Checking existence of `Window (First Match)`
    t =    76.54s Find the Window (First Match)
    t =    76.66s Added attachment named 'lessons-intro-storage-warehouse'
    t =    76.66s Checking existence of `"lesson.next" Any`
    t =    76.67s Find the "lesson.next" Any
    t =    76.69s Click "lesson.next" Button
    t =    76.69s     Wait for local.aibou.gamelab to idle
    t =    76.69s     Find the "lesson.next" Button
    t =    76.70s     Check for interrupting elements affecting "lesson.next" Button
    t =    76.71s     Synthesize event
    t =    77.11s     Wait for local.aibou.gamelab to idle
    t =    77.11s Checking existence of `"lesson.next" Any`
    t =    77.13s Find the "lesson.next" Any
    t =    77.16s Find the "lesson.next" Button
    t =    77.17s Checking existence of `"lesson.activity.storage.speed" Any`
    t =    77.23s Waiting 3.0s for Button (First Match) to exist
    t =    78.24s     Checking `Expect predicate `existsNoRetry == 1` for object Button (First Match)`
    t =    78.24s         Checking existence of `Button (First Match)`
    t =    78.26s Click Button (First Match)
    t =    78.26s     Wait for local.aibou.gamelab to idle
    t =    78.26s     Find the Button (First Match)
    t =    78.27s     Check for interrupting elements affecting "lesson.activity" Button
    t =    78.29s     Synthesize event
    t =    78.68s     Wait for local.aibou.gamelab to idle
    t =    78.68s Checking existence of `"lesson.next" Any`
    t =    78.70s Find the "lesson.next" Any
    t =    78.73s Find the "lesson.next" Button
    t =    78.74s Get number of matches for: Descendants matching type ScrollView
    t =    79.12s Checking existence of `Window (First Match)`
    t =    79.13s Find the Window (First Match)
    t =    79.25s Added attachment named 'lessons-experiment-storage-warehouse'
    t =    79.25s Checking existence of `"lesson.next" Any`
    t =    79.26s Find the "lesson.next" Any
    t =    79.29s Click "lesson.next" Button
    t =    79.29s     Wait for local.aibou.gamelab to idle
    t =    79.29s     Find the "lesson.next" Button
    t =    79.30s     Check for interrupting elements affecting "lesson.next" Button
    t =    79.31s     Synthesize event
    t =    79.66s     Wait for local.aibou.gamelab to idle
    t =    79.66s Checking existence of `"lesson.next" Any`
    t =    79.68s Find the "lesson.next" Any
    t =    79.70s Find the "lesson.next" Button
    t =    79.71s Checking existence of `"lesson.answer.1" Any`
    t =    79.73s Find the "lesson.answer.1" Any
    t =    79.75s Click "lesson.answer.1" Button
    t =    79.75s     Wait for local.aibou.gamelab to idle
    t =    79.76s     Find the "lesson.answer.1" Button
    t =    79.76s     Check for interrupting elements affecting "lesson.answer.1" Button
    t =    79.77s     Synthesize event
    t =    80.12s     Wait for local.aibou.gamelab to idle
    t =    80.13s Checking existence of `"lesson.next" Any`
    t =    80.14s Find the "lesson.next" Any
    t =    80.16s Find the "lesson.next" Button
    t =    80.52s Checking existence of `Window (First Match)`
    t =    80.53s Find the Window (First Match)
    t =    80.65s Added attachment named 'lessons-question-storage-warehouse'
    t =    80.65s Checking existence of `"lesson.next" Any`
    t =    80.66s Find the "lesson.next" Any
    t =    80.68s Click "lesson.next" Button
    t =    80.68s     Wait for local.aibou.gamelab to idle
    t =    80.68s     Find the "lesson.next" Button
    t =    80.69s     Check for interrupting elements affecting "lesson.next" Button
    t =    80.70s     Synthesize event
    t =    81.03s     Wait for local.aibou.gamelab to idle
    t =    81.03s Checking existence of `"lesson.complete" Any`
    t =    81.04s Find the "lesson.complete" Any
    t =    81.07s Checking existence of `"lesson.complete" StaticText`
    t =    81.43s Checking existence of `Window (First Match)`
    t =    81.44s Find the Window (First Match)
    t =    81.55s Added attachment named 'lessons-discovery-storage-warehouse'
    t =    81.55s Checking existence of `"lesson.done" Any`
    t =    81.56s Find the "lesson.done" Any
    t =    81.59s Click "lesson.done" Button
    t =    81.59s     Wait for local.aibou.gamelab to idle
    t =    81.59s     Find the "lesson.done" Button
    t =    81.60s     Check for interrupting elements affecting "lesson.done" Button
    t =    81.61s     Synthesize event
    t =    81.97s     Wait for local.aibou.gamelab to idle
    t =    81.98s Checking existence of `"lesson.open.storage-warehouse" Any`
    t =    81.99s Find the "lesson.open.storage-warehouse" Any
    t =    82.02s Find the "lesson.open.storage-warehouse" Button
    t =    82.03s Find the "lesson.open.storage-warehouse" Button
    t =    82.05s Checking existence of `"lesson.area.d" Any`
    t =    82.06s Find the "lesson.area.d" Any
    t =    82.09s Click "lesson.area.d" Button
    t =    82.09s     Wait for local.aibou.gamelab to idle
    t =    82.09s     Find the "lesson.area.d" Button
    t =    82.10s     Check for interrupting elements affecting "lesson.area.d" Button
    t =    82.11s     Synthesize event
    t =    82.52s     Wait for local.aibou.gamelab to idle
    t =    82.53s Get number of matches for: Elements matching predicate 'identifier BEGINSWITH "lesson.open."'
    t =    82.56s Checking existence of `"lesson.open.display-studio" Any`
    t =    82.58s Find the "lesson.open.display-studio" Any
    t =    82.60s Click "lesson.open.display-studio" Button
    t =    82.60s     Wait for local.aibou.gamelab to idle
    t =    82.61s     Find the "lesson.open.display-studio" Button
    t =    82.61s     Check for interrupting elements affecting "lesson.open.display-studio" Button
    t =    82.62s     Synthesize event
    t =    82.97s     Wait for local.aibou.gamelab to idle
    t =    83.33s Checking existence of `Window (First Match)`
    t =    83.33s Find the Window (First Match)
    t =    83.45s Added attachment named 'lessons-intro-display-studio'
    t =    83.45s Checking existence of `"lesson.next" Any`
    t =    83.47s Find the "lesson.next" Any
    t =    83.50s Click "lesson.next" Button
    t =    83.50s     Wait for local.aibou.gamelab to idle
    t =    83.50s     Find the "lesson.next" Button
    t =    83.50s     Check for interrupting elements affecting "lesson.next" Button
    t =    83.51s     Synthesize event
    t =    83.91s     Wait for local.aibou.gamelab to idle
    t =    83.92s Checking existence of `"lesson.next" Any`
    t =    83.93s Find the "lesson.next" Any
    t =    83.95s Find the "lesson.next" Button
    t =    83.96s Checking existence of `"lesson.activity.frames.hz" Any`
    t =    84.01s Waiting 3.0s for Button (First Match) to exist
    t =    85.03s     Checking `Expect predicate `existsNoRetry == 1` for object Button (First Match)`
    t =    85.03s         Checking existence of `Button (First Match)`
    t =    85.04s Click Button (First Match)
    t =    85.04s     Wait for local.aibou.gamelab to idle
    t =    85.04s     Find the Button (First Match)
    t =    85.05s     Check for interrupting elements affecting "lesson.activity" Button
    t =    85.06s     Synthesize event
    t =    85.42s     Wait for local.aibou.gamelab to idle
    t =    85.43s Checking existence of `"lesson.next" Any`
    t =    85.45s Find the "lesson.next" Any
    t =    85.47s Find the "lesson.next" Button
    t =    85.49s Get number of matches for: Descendants matching type ScrollView
    t =    85.87s Checking existence of `Window (First Match)`
    t =    85.88s Find the Window (First Match)
    t =    85.98s Added attachment named 'lessons-experiment-display-studio'
    t =    85.98s Checking existence of `"lesson.next" Any`
    t =    85.99s Find the "lesson.next" Any
    t =    86.01s Click "lesson.next" Button
    t =    86.01s     Wait for local.aibou.gamelab to idle
    t =    86.01s     Find the "lesson.next" Button
    t =    86.02s     Check for interrupting elements affecting "lesson.next" Button
    t =    86.03s     Synthesize event
    t =    86.37s     Wait for local.aibou.gamelab to idle
    t =    86.38s Checking existence of `"lesson.next" Any`
    t =    86.39s Find the "lesson.next" Any
    t =    86.42s Find the "lesson.next" Button
    t =    86.43s Checking existence of `"lesson.answer.2" Any`
    t =    86.44s Find the "lesson.answer.2" Any
    t =    86.47s Click "lesson.answer.2" Button
    t =    86.47s     Wait for local.aibou.gamelab to idle
    t =    86.47s     Find the "lesson.answer.2" Button
    t =    86.48s     Check for interrupting elements affecting "lesson.answer.2" Button
    t =    86.50s     Synthesize event
    t =    86.85s     Wait for local.aibou.gamelab to idle
    t =    86.86s Checking existence of `"lesson.next" Any`
    t =    86.87s Find the "lesson.next" Any
    t =    86.89s Find the "lesson.next" Button
    t =    87.25s Checking existence of `Window (First Match)`
    t =    87.26s Find the Window (First Match)
    t =    87.38s Added attachment named 'lessons-question-display-studio'
    t =    87.38s Checking existence of `"lesson.next" Any`
    t =    87.39s Find the "lesson.next" Any
    t =    87.41s Click "lesson.next" Button
    t =    87.41s     Wait for local.aibou.gamelab to idle
    t =    87.41s     Find the "lesson.next" Button
    t =    87.42s     Check for interrupting elements affecting "lesson.next" Button
    t =    87.43s     Synthesize event
    t =    87.79s     Wait for local.aibou.gamelab to idle
    t =    87.79s Checking existence of `"lesson.complete" Any`
    t =    87.80s Find the "lesson.complete" Any
    t =    87.82s Checking existence of `"lesson.complete" StaticText`
    t =    88.18s Checking existence of `Window (First Match)`
    t =    88.20s Find the Window (First Match)
    t =    88.30s Added attachment named 'lessons-discovery-display-studio'
    t =    88.30s Checking existence of `"lesson.done" Any`
    t =    88.32s Find the "lesson.done" Any
    t =    88.33s Click "lesson.done" Button
    t =    88.33s     Wait for local.aibou.gamelab to idle
    t =    88.33s     Find the "lesson.done" Button
    t =    88.34s     Check for interrupting elements affecting "lesson.done" Button
    t =    88.35s     Synthesize event
    t =    88.71s     Wait for local.aibou.gamelab to idle
    t =    88.72s Checking existence of `"lesson.open.display-studio" Any`
    t =    88.73s Find the "lesson.open.display-studio" Any
    t =    88.75s Find the "lesson.open.display-studio" Button
    t =    88.75s Find the "lesson.open.display-studio" Button
    t =    88.77s Checking existence of `"lesson.open.packet-express" Any`
    t =    88.79s Find the "lesson.open.packet-express" Any
    t =    88.81s Click "lesson.open.packet-express" Button
    t =    88.81s     Wait for local.aibou.gamelab to idle
    t =    88.81s     Find the "lesson.open.packet-express" Button
    t =    88.82s     Check for interrupting elements affecting "lesson.open.packet-express" Button
    t =    88.84s     Synthesize event
    t =    89.20s     Wait for local.aibou.gamelab to idle
    t =    89.55s Checking existence of `Window (First Match)`
    t =    89.56s Find the Window (First Match)
    t =    89.68s Added attachment named 'lessons-intro-packet-express'
    t =    89.68s Checking existence of `"lesson.next" Any`
    t =    89.69s Find the "lesson.next" Any
    t =    89.71s Click "lesson.next" Button
    t =    89.71s     Wait for local.aibou.gamelab to idle
    t =    89.71s     Find the "lesson.next" Button
    t =    89.72s     Check for interrupting elements affecting "lesson.next" Button
    t =    89.73s     Synthesize event
    t =    90.15s     Wait for local.aibou.gamelab to idle
    t =    90.15s Checking existence of `"lesson.next" Any`
    t =    90.16s Find the "lesson.next" Any
    t =    90.18s Find the "lesson.next" Button
    t =    90.20s Checking existence of `"lesson.activity.network.bandwidth" Any`
    t =    90.24s Waiting 3.0s for Button (First Match) to exist
    t =    91.25s     Checking `Expect predicate `existsNoRetry == 1` for object Button (First Match)`
    t =    91.25s         Checking existence of `Button (First Match)`
    t =    91.26s Click Button (First Match)
    t =    91.26s     Wait for local.aibou.gamelab to idle
    t =    91.27s     Find the Button (First Match)
    t =    91.28s     Check for interrupting elements affecting "lesson.activity" Button
    t =    91.30s     Synthesize event
    t =    91.65s     Wait for local.aibou.gamelab to idle
    t =    91.65s Checking existence of `"lesson.next" Any`
    t =    91.66s Find the "lesson.next" Any
    t =    91.69s Find the "lesson.next" Button
    t =    91.70s Get number of matches for: Descendants matching type ScrollView
    t =    92.09s Checking existence of `Window (First Match)`
    t =    92.10s Find the Window (First Match)
    t =    92.22s Added attachment named 'lessons-experiment-packet-express'
    t =    92.22s Checking existence of `"lesson.next" Any`
    t =    92.24s Find the "lesson.next" Any
    t =    92.26s Click "lesson.next" Button
    t =    92.26s     Wait for local.aibou.gamelab to idle
    t =    92.26s     Find the "lesson.next" Button
    t =    92.27s     Check for interrupting elements affecting "lesson.next" Button
    t =    92.28s     Synthesize event
    t =    92.63s     Wait for local.aibou.gamelab to idle
    t =    92.64s Checking existence of `"lesson.next" Any`
    t =    92.65s Find the "lesson.next" Any
    t =    92.68s Find the "lesson.next" Button
    t =    92.69s Checking existence of `"lesson.answer.0" Any`
    t =    92.70s Find the "lesson.answer.0" Any
    t =    92.73s Click "lesson.answer.0" Button
    t =    92.73s     Wait for local.aibou.gamelab to idle
    t =    92.73s     Find the "lesson.answer.0" Button
    t =    92.74s     Check for interrupting elements affecting "lesson.answer.0" Button
    t =    92.75s     Synthesize event
    t =    93.10s     Wait for local.aibou.gamelab to idle
    t =    93.11s Checking existence of `"lesson.next" Any`
    t =    93.13s Find the "lesson.next" Any
    t =    93.15s Find the "lesson.next" Button
    t =    93.52s Checking existence of `Window (First Match)`
    t =    93.53s Find the Window (First Match)
    t =    93.64s Added attachment named 'lessons-question-packet-express'
    t =    93.64s Checking existence of `"lesson.next" Any`
    t =    93.65s Find the "lesson.next" Any
    t =    93.68s Click "lesson.next" Button
    t =    93.68s     Wait for local.aibou.gamelab to idle
    t =    93.68s     Find the "lesson.next" Button
    t =    93.69s     Check for interrupting elements affecting "lesson.next" Button
    t =    93.70s     Synthesize event
    t =    94.05s     Wait for local.aibou.gamelab to idle
    t =    94.05s Checking existence of `"lesson.complete" Any`
    t =    94.06s Find the "lesson.complete" Any
    t =    94.08s Checking existence of `"lesson.complete" StaticText`
    t =    94.44s Checking existence of `Window (First Match)`
    t =    94.45s Find the Window (First Match)
    t =    94.55s Added attachment named 'lessons-discovery-packet-express'
    t =    94.55s Checking existence of `"lesson.done" Any`
    t =    94.56s Find the "lesson.done" Any
    t =    94.57s Click "lesson.done" Button
    t =    94.57s     Wait for local.aibou.gamelab to idle
    t =    94.57s     Find the "lesson.done" Button
    t =    94.58s     Check for interrupting elements affecting "lesson.done" Button
    t =    94.59s     Synthesize event
    t =    94.97s     Wait for local.aibou.gamelab to idle
    t =    94.98s Checking existence of `"lesson.open.packet-express" Any`
    t =    94.99s Find the "lesson.open.packet-express" Any
    t =    95.02s Find the "lesson.open.packet-express" Button
    t =    95.03s Find the "lesson.open.packet-express" Button
    t =    95.05s Checking existence of `"lesson.open.board-town" Any`
    t =    95.06s Find the "lesson.open.board-town" Any
    t =    95.09s Click "lesson.open.board-town" Button
    t =    95.09s     Wait for local.aibou.gamelab to idle
    t =    95.09s     Find the "lesson.open.board-town" Button
    t =    95.10s     Check for interrupting elements affecting "lesson.open.board-town" Button
    t =    95.11s     Synthesize event
    t =    95.48s     Wait for local.aibou.gamelab to idle
    t =    95.83s Checking existence of `Window (First Match)`
    t =    95.84s Find the Window (First Match)
    t =    95.95s Added attachment named 'lessons-intro-board-town'
    t =    95.95s Checking existence of `"lesson.next" Any`
    t =    95.96s Find the "lesson.next" Any
    t =    95.99s Click "lesson.next" Button
    t =    95.99s     Wait for local.aibou.gamelab to idle
    t =    95.99s     Find the "lesson.next" Button
    t =    96.00s     Check for interrupting elements affecting "lesson.next" Button
    t =    96.01s     Synthesize event
    t =    96.35s     Wait for local.aibou.gamelab to idle
    t =    96.35s Checking existence of `"lesson.next" Any`
    t =    96.37s Find the "lesson.next" Any
    t =    96.40s Find the "lesson.next" Button
    t =    96.41s Checking existence of `"lesson.activity.bus.paths" Any`
    t =    96.46s Waiting 3.0s for Button (First Match) to exist
    t =    97.47s     Checking `Expect predicate `existsNoRetry == 1` for object Button (First Match)`
    t =    97.47s         Checking existence of `Button (First Match)`
    t =    97.49s Click Button (First Match)
    t =    97.49s     Wait for local.aibou.gamelab to idle
    t =    97.49s     Find the Button (First Match)
    t =    97.50s     Check for interrupting elements affecting "lesson.activity" Button
    t =    97.51s     Synthesize event
    t =    97.84s     Wait for local.aibou.gamelab to idle
    t =    97.85s Checking existence of `"lesson.next" Any`
    t =    97.86s Find the "lesson.next" Any
    t =    97.89s Find the "lesson.next" Button
    t =    97.90s Get number of matches for: Descendants matching type ScrollView
    t =    98.28s Checking existence of `Window (First Match)`
    t =    98.29s Find the Window (First Match)
    t =    98.41s Added attachment named 'lessons-experiment-board-town'
    t =    98.41s Checking existence of `"lesson.next" Any`
    t =    98.42s Find the "lesson.next" Any
    t =    98.45s Click "lesson.next" Button
    t =    98.45s     Wait for local.aibou.gamelab to idle
    t =    98.45s     Find the "lesson.next" Button
    t =    98.46s     Check for interrupting elements affecting "lesson.next" Button
    t =    98.46s     Synthesize event
    t =    98.81s     Wait for local.aibou.gamelab to idle
    t =    98.81s Checking existence of `"lesson.next" Any`
    t =    98.83s Find the "lesson.next" Any
    t =    98.86s Find the "lesson.next" Button
    t =    98.88s Checking existence of `"lesson.answer.1" Any`
    t =    98.89s Find the "lesson.answer.1" Any
    t =    98.92s Click "lesson.answer.1" Button
    t =    98.92s     Wait for local.aibou.gamelab to idle
    t =    98.92s     Find the "lesson.answer.1" Button
    t =    98.94s     Check for interrupting elements affecting "lesson.answer.1" Button
    t =    98.97s     Synthesize event
    t =    99.33s     Wait for local.aibou.gamelab to idle
    t =    99.33s Checking existence of `"lesson.next" Any`
    t =    99.35s Find the "lesson.next" Any
    t =    99.38s Find the "lesson.next" Button
    t =    99.74s Checking existence of `Window (First Match)`
    t =    99.75s Find the Window (First Match)
    t =    99.87s Added attachment named 'lessons-question-board-town'
    t =    99.87s Checking existence of `"lesson.next" Any`
    t =    99.88s Find the "lesson.next" Any
    t =    99.90s Click "lesson.next" Button
    t =    99.90s     Wait for local.aibou.gamelab to idle
    t =    99.90s     Find the "lesson.next" Button
    t =    99.90s     Check for interrupting elements affecting "lesson.next" Button
    t =    99.91s     Synthesize event
    t =   100.30s     Wait for local.aibou.gamelab to idle
    t =   100.30s Checking existence of `"lesson.complete" Any`
    t =   100.31s Find the "lesson.complete" Any
    t =   100.33s Checking existence of `"lesson.complete" StaticText`
    t =   100.69s Checking existence of `Window (First Match)`
    t =   100.70s Find the Window (First Match)
    t =   100.82s Added attachment named 'lessons-discovery-board-town'
    t =   100.82s Checking existence of `"lesson.done" Any`
    t =   100.84s Find the "lesson.done" Any
    t =   100.85s Click "lesson.done" Button
    t =   100.85s     Wait for local.aibou.gamelab to idle
    t =   100.85s     Find the "lesson.done" Button
    t =   100.85s     Check for interrupting elements affecting "lesson.done" Button
    t =   100.86s     Synthesize event
    t =   101.22s     Wait for local.aibou.gamelab to idle
    t =   101.23s Checking existence of `"lesson.open.board-town" Any`
    t =   101.24s Find the "lesson.open.board-town" Any
    t =   101.27s Find the "lesson.open.board-town" Button
    t =   101.28s Find the "lesson.open.board-town" Button
    t =   101.30s Checking existence of `"lesson.open.connection-lab" Any`
    t =   101.31s Find the "lesson.open.connection-lab" Any
    t =   101.34s Click "lesson.open.connection-lab" Button
    t =   101.34s     Wait for local.aibou.gamelab to idle
    t =   101.34s     Find the "lesson.open.connection-lab" Button
    t =   101.35s     Check for interrupting elements affecting "lesson.open.connection-lab" Button
    t =   101.36s     Synthesize event
    t =   101.72s     Wait for local.aibou.gamelab to idle
    t =   102.08s Checking existence of `Window (First Match)`
    t =   102.09s Find the Window (First Match)
    t =   102.22s Added attachment named 'lessons-intro-connection-lab'
    t =   102.22s Checking existence of `"lesson.next" Any`
    t =   102.24s Find the "lesson.next" Any
    t =   102.26s Click "lesson.next" Button
    t =   102.26s     Wait for local.aibou.gamelab to idle
    t =   102.27s     Find the "lesson.next" Button
    t =   102.27s     Check for interrupting elements affecting "lesson.next" Button
    t =   102.28s     Synthesize event
    t =   102.62s     Wait for local.aibou.gamelab to idle
    t =   102.63s Checking existence of `"lesson.next" Any`
    t =   102.64s Find the "lesson.next" Any
    t =   102.66s Find the "lesson.next" Button
    t =   102.67s Checking existence of `"lesson.activity.ports.capability" Any`
    t =   102.72s Waiting 3.0s for Button (First Match) to exist
    t =   103.73s     Checking `Expect predicate `existsNoRetry == 1` for object Button (First Match)`
    t =   103.73s         Checking existence of `Button (First Match)`
    t =   103.75s Click Button (First Match)
    t =   103.75s     Wait for local.aibou.gamelab to idle
    t =   103.75s     Find the Button (First Match)
    t =   103.76s     Check for interrupting elements affecting "lesson.activity" Button
    t =   103.77s     Synthesize event
    t =   104.11s     Wait for local.aibou.gamelab to idle
    t =   104.11s Checking existence of `"lesson.next" Any`
    t =   104.13s Find the "lesson.next" Any
    t =   104.15s Find the "lesson.next" Button
    t =   104.16s Get number of matches for: Descendants matching type ScrollView
    t =   104.54s Checking existence of `Window (First Match)`
    t =   104.54s Find the Window (First Match)
    t =   104.66s Added attachment named 'lessons-experiment-connection-lab'
    t =   104.66s Checking existence of `"lesson.next" Any`
    t =   104.67s Find the "lesson.next" Any
    t =   104.70s Click "lesson.next" Button
    t =   104.70s     Wait for local.aibou.gamelab to idle
    t =   104.70s     Find the "lesson.next" Button
    t =   104.70s     Check for interrupting elements affecting "lesson.next" Button
    t =   104.71s     Synthesize event
    t =   105.05s     Wait for local.aibou.gamelab to idle
    t =   105.05s Checking existence of `"lesson.next" Any`
    t =   105.07s Find the "lesson.next" Any
    t =   105.10s Find the "lesson.next" Button
    t =   105.11s Checking existence of `"lesson.answer.2" Any`
    t =   105.12s Find the "lesson.answer.2" Any
    t =   105.15s Click "lesson.answer.2" Button
    t =   105.15s     Wait for local.aibou.gamelab to idle
    t =   105.15s     Find the "lesson.answer.2" Button
    t =   105.16s     Check for interrupting elements affecting "lesson.answer.2" Button
    t =   105.17s     Synthesize event
    t =   105.55s     Wait for local.aibou.gamelab to idle
    t =   105.55s Checking existence of `"lesson.next" Any`
    t =   105.56s Find the "lesson.next" Any
    t =   105.59s Find the "lesson.next" Button
    t =   105.95s Checking existence of `Window (First Match)`
    t =   105.96s Find the Window (First Match)
    t =   106.06s Added attachment named 'lessons-question-connection-lab'
    t =   106.06s Checking existence of `"lesson.next" Any`
    t =   106.08s Find the "lesson.next" Any
    t =   106.09s Click "lesson.next" Button
    t =   106.09s     Wait for local.aibou.gamelab to idle
    t =   106.09s     Find the "lesson.next" Button
    t =   106.10s     Check for interrupting elements affecting "lesson.next" Button
    t =   106.10s     Synthesize event
    t =   106.49s     Wait for local.aibou.gamelab to idle
    t =   106.49s Checking existence of `"lesson.complete" Any`
    t =   106.51s Find the "lesson.complete" Any
    t =   106.54s Checking existence of `"lesson.complete" StaticText`
    t =   106.90s Checking existence of `Window (First Match)`
    t =   106.91s Find the Window (First Match)
    t =   107.02s Added attachment named 'lessons-discovery-connection-lab'
    t =   107.02s Checking existence of `"lesson.done" Any`
    t =   107.03s Find the "lesson.done" Any
    t =   107.05s Click "lesson.done" Button
    t =   107.05s     Wait for local.aibou.gamelab to idle
    t =   107.05s     Find the "lesson.done" Button
    t =   107.05s     Check for interrupting elements affecting "lesson.done" Button
    t =   107.06s     Synthesize event
    t =   107.43s     Wait for local.aibou.gamelab to idle
    t =   107.43s Checking existence of `"lesson.open.connection-lab" Any`
    t =   107.44s Find the "lesson.open.connection-lab" Any
    t =   107.46s Find the "lesson.open.connection-lab" Button
    t =   107.47s Find the "lesson.open.connection-lab" Button
    t =   107.49s Checking existence of `"lesson.area.e" Any`
    t =   107.50s Find the "lesson.area.e" Any
    t =   107.53s Click "lesson.area.e" Button
    t =   107.53s     Wait for local.aibou.gamelab to idle
    t =   107.53s     Find the "lesson.area.e" Button
    t =   107.54s     Check for interrupting elements affecting "lesson.area.e" Button
    t =   107.55s     Synthesize event
    t =   107.91s     Wait for local.aibou.gamelab to idle
    t =   107.91s Get number of matches for: Elements matching predicate 'identifier BEGINSWITH "lesson.open."'
    t =   107.95s Checking existence of `"lesson.open.pc-day" Any`
    t =   107.96s Find the "lesson.open.pc-day" Any
    t =   107.98s Click "lesson.open.pc-day" Button
    t =   107.98s     Wait for local.aibou.gamelab to idle
    t =   107.98s     Find the "lesson.open.pc-day" Button
    t =   107.99s     Check for interrupting elements affecting "lesson.open.pc-day" Button
    t =   108.01s     Synthesize event
    t =   108.41s     Wait for local.aibou.gamelab to idle
    t =   108.77s Checking existence of `Window (First Match)`
    t =   108.78s Find the Window (First Match)
    t =   108.89s Added attachment named 'lessons-intro-pc-day'
    t =   108.89s Checking existence of `"lesson.next" Any`
    t =   108.90s Find the "lesson.next" Any
    t =   108.92s Click "lesson.next" Button
    t =   108.92s     Wait for local.aibou.gamelab to idle
    t =   108.92s     Find the "lesson.next" Button
    t =   108.93s     Check for interrupting elements affecting "lesson.next" Button
    t =   108.94s     Synthesize event
    t =   109.28s     Wait for local.aibou.gamelab to idle
    t =   109.28s Checking existence of `"lesson.next" Any`
    t =   109.30s Find the "lesson.next" Any
    t =   109.33s Find the "lesson.next" Button
    t =   109.35s Checking existence of `"lesson.activity.flow.next" Any`
    t =   109.40s Waiting 3.0s for Button (First Match) to exist
    t =   110.41s     Checking `Expect predicate `existsNoRetry == 1` for object Button (First Match)`
    t =   110.41s         Checking existence of `Button (First Match)`
    t =   110.42s Click Button (First Match)
    t =   110.42s     Wait for local.aibou.gamelab to idle
    t =   110.43s     Find the Button (First Match)
    t =   110.44s     Check for interrupting elements affecting "lesson.activity" Button
    t =   110.45s     Synthesize event
    t =   110.81s     Wait for local.aibou.gamelab to idle
    t =   110.82s Checking existence of `"lesson.next" Any`
    t =   110.83s Find the "lesson.next" Any
    t =   110.85s Find the "lesson.next" Button
    t =   110.87s Get number of matches for: Descendants matching type ScrollView
    t =   111.25s Checking existence of `Window (First Match)`
    t =   111.26s Find the Window (First Match)
    t =   111.36s Added attachment named 'lessons-experiment-pc-day'
    t =   111.37s Checking existence of `"lesson.next" Any`
    t =   111.38s Find the "lesson.next" Any
    t =   111.40s Click "lesson.next" Button
    t =   111.40s     Wait for local.aibou.gamelab to idle
    t =   111.41s     Find the "lesson.next" Button
    t =   111.41s     Check for interrupting elements affecting "lesson.next" Button
    t =   111.42s     Synthesize event
    t =   111.77s     Wait for local.aibou.gamelab to idle
    t =   111.77s Checking existence of `"lesson.next" Any`
    t =   111.78s Find the "lesson.next" Any
    t =   111.91s Find the "lesson.next" Button
    t =   111.93s Checking existence of `"lesson.answer.0" Any`
    t =   111.94s Find the "lesson.answer.0" Any
    t =   111.97s Click "lesson.answer.0" Button
    t =   111.97s     Wait for local.aibou.gamelab to idle
    t =   111.97s     Find the "lesson.answer.0" Button
    t =   111.98s     Check for interrupting elements affecting "lesson.answer.0" Button
    t =   112.00s     Synthesize event
    t =   112.38s     Wait for local.aibou.gamelab to idle
    t =   112.39s Checking existence of `"lesson.next" Any`
    t =   112.40s Find the "lesson.next" Any
    t =   112.45s Find the "lesson.next" Button
    t =   112.82s Checking existence of `Window (First Match)`
    t =   112.83s Find the Window (First Match)
    t =   112.94s Added attachment named 'lessons-question-pc-day'
    t =   112.95s Checking existence of `"lesson.next" Any`
    t =   112.96s Find the "lesson.next" Any
    t =   112.98s Click "lesson.next" Button
    t =   112.98s     Wait for local.aibou.gamelab to idle
    t =   112.98s     Find the "lesson.next" Button
    t =   113.00s     Check for interrupting elements affecting "lesson.next" Button
    t =   113.00s     Synthesize event
    t =   113.36s     Wait for local.aibou.gamelab to idle
    t =   113.36s Checking existence of `"lesson.complete" Any`
    t =   113.38s Find the "lesson.complete" Any
    t =   113.41s Checking existence of `"lesson.complete" StaticText`
    t =   113.78s Checking existence of `Window (First Match)`
    t =   113.79s Find the Window (First Match)
    t =   113.90s Added attachment named 'lessons-discovery-pc-day'
    t =   113.90s Checking existence of `"lesson.done" Any`
    t =   113.91s Find the "lesson.done" Any
    t =   113.94s Click "lesson.done" Button
    t =   113.94s     Wait for local.aibou.gamelab to idle
    t =   113.94s     Find the "lesson.done" Button
    t =   113.95s     Check for interrupting elements affecting "lesson.done" Button
    t =   113.96s     Synthesize event
    t =   114.31s     Wait for local.aibou.gamelab to idle
    t =   114.32s Checking existence of `"lesson.open.pc-day" Any`
    t =   114.33s Find the "lesson.open.pc-day" Any
    t =   114.35s Find the "lesson.open.pc-day" Button
    t =   114.35s Find the "lesson.open.pc-day" Button
    t =   114.37s Checking existence of `"lesson.open.battery-voyage" Any`
    t =   114.39s Find the "lesson.open.battery-voyage" Any
    t =   114.41s Click "lesson.open.battery-voyage" Button
    t =   114.41s     Wait for local.aibou.gamelab to idle
    t =   114.41s     Find the "lesson.open.battery-voyage" Button
    t =   114.42s     Check for interrupting elements affecting "lesson.open.battery-voyage" Button
    t =   114.43s     Synthesize event
    t =   114.78s     Wait for local.aibou.gamelab to idle
    t =   115.14s Checking existence of `Window (First Match)`
    t =   115.15s Find the Window (First Match)
    t =   115.26s Added attachment named 'lessons-intro-battery-voyage'
    t =   115.26s Checking existence of `"lesson.next" Any`
    t =   115.28s Find the "lesson.next" Any
    t =   115.29s Click "lesson.next" Button
    t =   115.29s     Wait for local.aibou.gamelab to idle
    t =   115.29s     Find the "lesson.next" Button
    t =   115.30s     Check for interrupting elements affecting "lesson.next" Button
    t =   115.31s     Synthesize event
    t =   115.66s     Wait for local.aibou.gamelab to idle
    t =   115.66s Checking existence of `"lesson.next" Any`
    t =   115.68s Find the "lesson.next" Any
    t =   115.70s Find the "lesson.next" Button
    t =   115.72s Checking existence of `"lesson.activity.battery.energy" Any`
    t =   115.78s Waiting 3.0s for Button (First Match) to exist
    t =   116.80s     Checking `Expect predicate `existsNoRetry == 1` for object Button (First Match)`
    t =   116.80s         Checking existence of `Button (First Match)`
    t =   116.81s Click Button (First Match)
    t =   116.81s     Wait for local.aibou.gamelab to idle
    t =   116.81s     Find the Button (First Match)
    t =   116.82s     Check for interrupting elements affecting "lesson.activity" Button
    t =   116.85s     Synthesize event
    t =   117.22s     Wait for local.aibou.gamelab to idle
    t =   117.22s Checking existence of `"lesson.next" Any`
    t =   117.24s Find the "lesson.next" Any
    t =   117.27s Find the "lesson.next" Button
    t =   117.29s Get number of matches for: Descendants matching type ScrollView
    t =   117.67s Checking existence of `Window (First Match)`
    t =   117.67s Find the Window (First Match)
    t =   117.79s Added attachment named 'lessons-experiment-battery-voyage'
    t =   117.79s Checking existence of `"lesson.next" Any`
    t =   117.80s Find the "lesson.next" Any
    t =   117.83s Click "lesson.next" Button
    t =   117.83s     Wait for local.aibou.gamelab to idle
    t =   117.83s     Find the "lesson.next" Button
    t =   117.84s     Check for interrupting elements affecting "lesson.next" Button
    t =   117.85s     Synthesize event
    t =   118.25s     Wait for local.aibou.gamelab to idle
    t =   118.25s Checking existence of `"lesson.next" Any`
    t =   118.26s Find the "lesson.next" Any
    t =   118.28s Find the "lesson.next" Button
    t =   118.29s Checking existence of `"lesson.answer.1" Any`
    t =   118.30s Find the "lesson.answer.1" Any
    t =   118.32s Click "lesson.answer.1" Button
    t =   118.32s     Wait for local.aibou.gamelab to idle
    t =   118.32s     Find the "lesson.answer.1" Button
    t =   118.33s     Check for interrupting elements affecting "lesson.answer.1" Button
    t =   118.35s     Synthesize event
    t =   118.67s     Wait for local.aibou.gamelab to idle
    t =   118.67s Checking existence of `"lesson.next" Any`
    t =   118.69s Find the "lesson.next" Any
    t =   118.71s Find the "lesson.next" Button
    t =   119.07s Checking existence of `Window (First Match)`
    t =   119.08s Find the Window (First Match)
    t =   119.19s Added attachment named 'lessons-question-battery-voyage'
    t =   119.19s Checking existence of `"lesson.next" Any`
    t =   119.20s Find the "lesson.next" Any
    t =   119.21s Click "lesson.next" Button
    t =   119.21s     Wait for local.aibou.gamelab to idle
    t =   119.21s     Find the "lesson.next" Button
    t =   119.22s     Check for interrupting elements affecting "lesson.next" Button
    t =   119.23s     Synthesize event
    t =   119.56s     Wait for local.aibou.gamelab to idle
    t =   119.56s Checking existence of `"lesson.complete" Any`
    t =   119.58s Find the "lesson.complete" Any
    t =   119.71s Checking existence of `"lesson.complete" StaticText`
    t =   120.08s Checking existence of `Window (First Match)`
    t =   120.08s Find the Window (First Match)
    t =   120.19s Added attachment named 'lessons-discovery-battery-voyage'
    t =   120.19s Checking existence of `"lesson.done" Any`
    t =   120.20s Find the "lesson.done" Any
    t =   120.21s Click "lesson.done" Button
    t =   120.21s     Wait for local.aibou.gamelab to idle
    t =   120.21s     Find the "lesson.done" Button
    t =   120.22s     Check for interrupting elements affecting "lesson.done" Button
    t =   120.23s     Synthesize event
    t =   120.64s     Wait for local.aibou.gamelab to idle
    t =   120.64s Checking existence of `"lesson.open.battery-voyage" Any`
    t =   120.65s Find the "lesson.open.battery-voyage" Any
    t =   120.67s Find the "lesson.open.battery-voyage" Button
    t =   120.68s Find the "lesson.open.battery-voyage" Button
    t =   120.70s Checking existence of `"lesson.open.cooling-workshop" Any`
    t =   120.71s Find the "lesson.open.cooling-workshop" Any
    t =   120.74s Click "lesson.open.cooling-workshop" Button
    t =   120.74s     Wait for local.aibou.gamelab to idle
    t =   120.74s     Find the "lesson.open.cooling-workshop" Button
    t =   120.75s     Check for interrupting elements affecting "lesson.open.cooling-workshop" Button
    t =   120.76s     Synthesize event
    t =   121.10s     Wait for local.aibou.gamelab to idle
    t =   121.46s Checking existence of `Window (First Match)`
    t =   121.47s Find the Window (First Match)
    t =   121.58s Added attachment named 'lessons-intro-cooling-workshop'
    t =   121.58s Checking existence of `"lesson.next" Any`
    t =   121.59s Find the "lesson.next" Any
    t =   121.62s Click "lesson.next" Button
    t =   121.62s     Wait for local.aibou.gamelab to idle
    t =   121.62s     Find the "lesson.next" Button
    t =   121.63s     Check for interrupting elements affecting "lesson.next" Button
    t =   121.64s     Synthesize event
    t =   122.00s     Wait for local.aibou.gamelab to idle
    t =   122.00s Checking existence of `"lesson.next" Any`
    t =   122.02s Find the "lesson.next" Any
    t =   122.05s Find the "lesson.next" Button
    t =   122.06s Checking existence of `"lesson.activity.cooling.load.increase" Any`
    t =   122.11s Waiting 3.0s for Button (First Match) to exist
    t =   123.13s     Checking `Expect predicate `existsNoRetry == 1` for object Button (First Match)`
    t =   123.13s         Checking existence of `Button (First Match)`
    t =   123.14s Click Button (First Match)
    t =   123.14s     Wait for local.aibou.gamelab to idle
    t =   123.15s     Find the Button (First Match)
    t =   123.16s     Check for interrupting elements affecting "lesson.activity" Button
    t =   123.17s     Synthesize event
    t =   123.54s     Wait for local.aibou.gamelab to idle
    t =   123.54s Checking existence of `"lesson.next" Any`
    t =   123.56s Find the "lesson.next" Any
    t =   123.59s Find the "lesson.next" Button
    t =   123.61s Get number of matches for: Descendants matching type ScrollView
    t =   123.99s Checking existence of `Window (First Match)`
    t =   124.00s Find the Window (First Match)
    t =   124.12s Added attachment named 'lessons-experiment-cooling-workshop'
    t =   124.12s Checking existence of `"lesson.next" Any`
    t =   124.13s Find the "lesson.next" Any
    t =   124.15s Click "lesson.next" Button
    t =   124.15s     Wait for local.aibou.gamelab to idle
    t =   124.15s     Find the "lesson.next" Button
    t =   124.16s     Check for interrupting elements affecting "lesson.next" Button
    t =   124.17s     Synthesize event
    t =   124.55s     Wait for local.aibou.gamelab to idle
    t =   124.56s Checking existence of `"lesson.next" Any`
    t =   124.57s Find the "lesson.next" Any
    t =   124.59s Find the "lesson.next" Button
    t =   124.60s Checking existence of `"lesson.answer.2" Any`
    t =   124.61s Find the "lesson.answer.2" Any
    t =   124.64s Click "lesson.answer.2" Button
    t =   124.64s     Wait for local.aibou.gamelab to idle
    t =   124.64s     Find the "lesson.answer.2" Button
    t =   124.65s     Check for interrupting elements affecting "lesson.answer.2" Button
    t =   124.66s     Synthesize event
    t =   125.00s     Wait for local.aibou.gamelab to idle
    t =   125.00s Checking existence of `"lesson.next" Any`
    t =   125.02s Find the "lesson.next" Any
    t =   125.04s Find the "lesson.next" Button
    t =   125.41s Checking existence of `Window (First Match)`
    t =   125.42s Find the Window (First Match)
    t =   125.54s Added attachment named 'lessons-question-cooling-workshop'
    t =   125.54s Checking existence of `"lesson.next" Any`
    t =   125.55s Find the "lesson.next" Any
    t =   125.57s Click "lesson.next" Button
    t =   125.57s     Wait for local.aibou.gamelab to idle
    t =   125.57s     Find the "lesson.next" Button
    t =   125.58s     Check for interrupting elements affecting "lesson.next" Button
    t =   125.59s     Synthesize event
    t =   126.00s     Wait for local.aibou.gamelab to idle
    t =   126.00s Checking existence of `"lesson.complete" Any`
    t =   126.01s Find the "lesson.complete" Any
    t =   126.03s Checking existence of `"lesson.complete" StaticText`
    t =   126.39s Checking existence of `Window (First Match)`
    t =   126.40s Find the Window (First Match)
    t =   126.53s Added attachment named 'lessons-discovery-cooling-workshop'
    t =   126.53s Checking existence of `"lesson.done" Any`
    t =   126.54s Find the "lesson.done" Any
    t =   126.55s Click "lesson.done" Button
    t =   126.55s     Wait for local.aibou.gamelab to idle
    t =   126.56s     Find the "lesson.done" Button
    t =   126.56s     Check for interrupting elements affecting "lesson.done" Button
    t =   126.57s     Synthesize event
    t =   126.92s     Wait for local.aibou.gamelab to idle
    t =   126.92s Checking existence of `"lesson.open.cooling-workshop" Any`
    t =   126.93s Find the "lesson.open.cooling-workshop" Any
    t =   126.95s Find the "lesson.open.cooling-workshop" Button
    t =   126.96s Find the "lesson.open.cooling-workshop" Button
    t =   126.98s Checking existence of `"lesson.open.bottleneck-detective" Any`
    t =   126.99s Find the "lesson.open.bottleneck-detective" Any
    t =   127.02s Click "lesson.open.bottleneck-detective" Button
    t =   127.02s     Wait for local.aibou.gamelab to idle
    t =   127.02s     Find the "lesson.open.bottleneck-detective" Button
    t =   127.03s     Check for interrupting elements affecting "lesson.open.bottleneck-detective" Button
    t =   127.04s     Synthesize event
    t =   127.43s     Wait for local.aibou.gamelab to idle
    t =   127.79s Checking existence of `Window (First Match)`
    t =   127.79s Find the Window (First Match)
    t =   127.91s Added attachment named 'lessons-intro-bottleneck-detective'
    t =   127.91s Checking existence of `"lesson.next" Any`
    t =   127.92s Find the "lesson.next" Any
    t =   127.95s Click "lesson.next" Button
    t =   127.95s     Wait for local.aibou.gamelab to idle
    t =   127.95s     Find the "lesson.next" Button
    t =   127.95s     Check for interrupting elements affecting "lesson.next" Button
    t =   127.96s     Synthesize event
    t =   128.37s     Wait for local.aibou.gamelab to idle
    t =   128.38s Checking existence of `"lesson.next" Any`
    t =   128.40s Find the "lesson.next" Any
    t =   128.42s Find the "lesson.next" Button
    t =   128.43s Checking existence of `"lesson.activity.bottleneck.read" Any`
    t =   128.49s Waiting 3.0s for Button (First Match) to exist
    t =   129.50s     Checking `Expect predicate `existsNoRetry == 1` for object Button (First Match)`
    t =   129.50s         Checking existence of `Button (First Match)`
    t =   129.51s Click Button (First Match)
    t =   129.51s     Wait for local.aibou.gamelab to idle
    t =   129.51s     Find the Button (First Match)
    t =   129.52s     Check for interrupting elements affecting "lesson.activity" Button
    t =   129.53s     Synthesize event
    t =   129.92s     Wait for local.aibou.gamelab to idle
    t =   129.92s Checking existence of `"lesson.next" Any`
    t =   129.94s Find the "lesson.next" Any
    t =   129.97s Find the "lesson.next" Button
    t =   129.99s Get number of matches for: Descendants matching type ScrollView
    t =   130.38s Checking existence of `Window (First Match)`
    t =   130.38s Find the Window (First Match)
    t =   130.51s Added attachment named 'lessons-experiment-bottleneck-detective'
    t =   130.51s Checking existence of `"lesson.next" Any`
    t =   130.53s Find the "lesson.next" Any
    t =   130.55s Click "lesson.next" Button
    t =   130.55s     Wait for local.aibou.gamelab to idle
    t =   130.56s     Find the "lesson.next" Button
    t =   130.56s     Check for interrupting elements affecting "lesson.next" Button
    t =   130.57s     Synthesize event
    t =   130.93s     Wait for local.aibou.gamelab to idle
    t =   130.93s Checking existence of `"lesson.next" Any`
    t =   130.94s Find the "lesson.next" Any
    t =   130.97s Find the "lesson.next" Button
    t =   130.98s Checking existence of `"lesson.answer.0" Any`
    t =   130.99s Find the "lesson.answer.0" Any
    t =   131.02s Click "lesson.answer.0" Button
    t =   131.02s     Wait for local.aibou.gamelab to idle
    t =   131.02s     Find the "lesson.answer.0" Button
    t =   131.03s     Check for interrupting elements affecting "lesson.answer.0" Button
    t =   131.04s     Synthesize event
    t =   131.38s     Wait for local.aibou.gamelab to idle
    t =   131.39s Checking existence of `"lesson.next" Any`
    t =   131.40s Find the "lesson.next" Any
    t =   131.43s Find the "lesson.next" Button
    t =   131.80s Checking existence of `Window (First Match)`
    t =   131.81s Find the Window (First Match)
    t =   131.93s Added attachment named 'lessons-question-bottleneck-detective'
    t =   131.93s Checking existence of `"lesson.next" Any`
    t =   131.94s Find the "lesson.next" Any
    t =   131.97s Click "lesson.next" Button
    t =   131.97s     Wait for local.aibou.gamelab to idle
    t =   131.97s     Find the "lesson.next" Button
    t =   131.98s     Check for interrupting elements affecting "lesson.next" Button
    t =   131.99s     Synthesize event
    t =   132.35s     Wait for local.aibou.gamelab to idle
    t =   132.35s Checking existence of `"lesson.complete" Any`
    t =   132.37s Find the "lesson.complete" Any
    t =   132.40s Checking existence of `"lesson.complete" StaticText`
    t =   132.76s Checking existence of `Window (First Match)`
    t =   132.77s Find the Window (First Match)
    t =   132.88s Added attachment named 'lessons-discovery-bottleneck-detective'
    t =   132.88s Checking existence of `"lesson.done" Any`
    t =   132.89s Find the "lesson.done" Any
    t =   132.91s Click "lesson.done" Button
    t =   132.91s     Wait for local.aibou.gamelab to idle
    t =   132.91s     Find the "lesson.done" Button
    t =   132.92s     Check for interrupting elements affecting "lesson.done" Button
    t =   132.93s     Synthesize event
    t =   133.29s     Wait for local.aibou.gamelab to idle
    t =   133.29s Checking existence of `"lesson.open.bottleneck-detective" Any`
    t =   133.31s Find the "lesson.open.bottleneck-detective" Any
    t =   133.34s Find the "lesson.open.bottleneck-detective" Button
    t =   133.35s Find the "lesson.open.bottleneck-detective" Button
    t =   133.72s Checking existence of `Window (First Match)`
    t =   133.73s Find the Window (First Match)
    t =   133.84s Added attachment named 'lessons-all-twenty-discovered'
    t =   133.84s Checking existence of `"lesson.close" Any`
    t =   133.86s Find the "lesson.close" Any
    t =   133.87s Click "lesson.close" Button
    t =   133.87s     Wait for local.aibou.gamelab to idle
    t =   133.87s     Find the "lesson.close" Button
    t =   133.88s     Check for interrupting elements affecting "lesson.close" Button
    t =   133.89s     Synthesize event
    t =   134.21s     Wait for local.aibou.gamelab to idle
    t =   134.22s Checking existence of `"ex.area.a" Any`
    t =   134.23s Find the "ex.area.a" Any
    t =   134.28s Find the "ex.area.a" Button
    t =   134.36s Tear Down
    t =   134.36s     Checking existence of `Window (First Match)`
    t =   134.72s     Checking existence of `Window (First Match)`
    t =   134.73s     Find the Window (First Match)
    t =   134.87s     Added attachment named '-[ExhibitionUITests testGirlOpensLessonsAndAllTwentyExperimentsComplete]'
    t =   134.87s     Terminate local.aibou.gamelab:76995
Test Case '-[AIBOUGameLabUITests.ExhibitionUITests testGirlOpensLessonsAndAllTwentyExperimentsComplete]' passed (136.203 seconds).
Test Suite 'ExhibitionUITests' passed at 2026-09-15 13:40:03.922.
	 Executed 1 test, with 0 failures (0 unexpected) in 136.203 (136.203) seconds
Test Suite 'AIBOUGameLabUITests.xctest' passed at 2026-09-15 13:40:03.922.
	 Executed 1 test, with 0 failures (0 unexpected) in 136.203 (136.203) seconds
Test Suite 'Selected tests' passed at 2026-09-15 13:40:03.922.
	 Executed 1 test, with 0 failures (0 unexpected) in 136.203 (136.204) seconds
2026-09-15 13:40:04.444 xcodebuild[76989:34183915] [MT] IDETestOperationsObserverDebug: 137.487 elapsed -- Testing started completed.
2026-09-15 13:40:04.444 xcodebuild[76989:34183915] [MT] IDETestOperationsObserverDebug: 0.000 sec, +0.000 sec -- start
2026-09-15 13:40:04.444 xcodebuild[76989:34183915] [MT] IDETestOperationsObserverDebug: 137.487 sec, +137.487 sec -- end

Test session results, code coverage, and logs:
	/Users/fujishima/aibou-learning-verification/isolated/game-lab/QA/results/ui-20260915-133746-76964.xcresult

** TEST EXECUTE SUCCEEDED **

Testing started
UI tests passed. Inspect screenshots and diagnostics in: /Users/fujishima/aibou-learning-verification/isolated/game-lab/QA/results/ui-20260915-133746-76964.xcresult
